ion,mz_4dp,feature_id,cluster_mz
pos,55.0545,pos_mz_55.0545_00359,55.0545
pos,55.0546,pos_mz_55.0545_00359,55.0545
pos,56.965,pos_mz_56.9651_00593,56.9651
pos,56.9651,pos_mz_56.9651_00593,56.9651
pos,57.0338,pos_mz_57.0338_00623,57.0338
pos,57.0339,pos_mz_57.0338_00623,57.0338
pos,57.0701,pos_mz_57.0702_00646,57.0702
pos,57.0702,pos_mz_57.0702_00646,57.0702
pos,59.0493,pos_mz_59.0493_01051,59.0493
pos,59.0494,pos_mz_59.0493_01051,59.0493
pos,60.0375,pos_mz_60.0375_01262,60.0375
pos,60.0376,pos_mz_60.0375_01262,60.0375
pos,60.0377,pos_mz_60.0375_01262,60.0375
pos,60.0378,pos_mz_60.0375_01262,60.0375
pos,60.0445,pos_mz_60.0446_01265,60.0446
pos,60.0446,pos_mz_60.0446_01265,60.0446
pos,60.0526,pos_mz_60.0526_01271,60.0526
pos,60.0527,pos_mz_60.0526_01271,60.0526
pos,60.0554,pos_mz_60.0555_01274,60.0555
pos,60.0555,pos_mz_60.0555_01274,60.0555
pos,60.0556,pos_mz_60.0555_01274,60.0555
pos,60.0557,pos_mz_60.0555_01274,60.0555
pos,60.0675,pos_mz_60.0678_01280,60.0678
pos,60.0676,pos_mz_60.0678_01280,60.0678
pos,60.0677,pos_mz_60.0678_01280,60.0678
pos,60.0678,pos_mz_60.0678_01280,60.0678
pos,60.0809,pos_mz_60.0809_01283,60.0809
pos,60.081,pos_mz_60.0809_01283,60.0809
pos,60.9862,pos_mz_60.9862_01321,60.9862
pos,60.9863,pos_mz_60.9862_01321,60.9862
pos,60.9866,pos_mz_60.9866_01322,60.9866
pos,60.9867,pos_mz_60.9866_01322,60.9866
pos,61.0284,pos_mz_61.0286_01328,61.0286
pos,61.0285,pos_mz_61.0286_01328,61.0286
pos,61.0286,pos_mz_61.0286_01328,61.0286
pos,61.0287,pos_mz_61.0286_01328,61.0286
pos,61.0397,pos_mz_61.0398_01329,61.0398
pos,61.0398,pos_mz_61.0398_01329,61.0398
pos,61.0535,pos_mz_61.0535_01332,61.0535
pos,61.0536,pos_mz_61.0535_01332,61.0535
pos,61.0559,pos_mz_61.0560_01335,61.056
pos,61.056,pos_mz_61.0560_01335,61.056
pos,61.0561,pos_mz_61.0560_01335,61.056
pos,61.0842,pos_mz_61.0843_01338,61.0843
pos,61.0843,pos_mz_61.0843_01338,61.0843
pos,61.994,pos_mz_61.9940_01342,61.994
pos,61.9941,pos_mz_61.9940_01342,61.994
pos,61.9942,pos_mz_61.9940_01342,61.994
pos,61.9943,pos_mz_61.9940_01342,61.994
pos,67.0123,pos_mz_67.0123_01374,67.0123
pos,67.0124,pos_mz_67.0123_01374,67.0123
pos,67.0543,pos_mz_67.0543_01379,67.0543
pos,67.0544,pos_mz_67.0543_01379,67.0543
pos,68.9821,pos_mz_68.9822_01405,68.9822
pos,68.9822,pos_mz_68.9822_01405,68.9822
pos,68.9823,pos_mz_68.9822_01405,68.9822
pos,69.0335,pos_mz_69.0336_01409,69.0336
pos,69.0336,pos_mz_69.0336_01409,69.0336
pos,69.0337,pos_mz_69.0336_01409,69.0336
pos,69.0699,pos_mz_69.0700_01416,69.07
pos,69.07,pos_mz_69.0700_01416,69.07
pos,70.0651,pos_mz_70.0652_01434,70.0652
pos,70.0652,pos_mz_70.0652_01434,70.0652
pos,70.0732,pos_mz_70.0733_01436,70.0733
pos,70.0733,pos_mz_70.0733_01436,70.0733
pos,70.0734,pos_mz_70.0733_01436,70.0733
pos,71.0491,pos_mz_71.0492_01458,71.0492
pos,71.0492,pos_mz_71.0492_01458,71.0492
pos,71.0493,pos_mz_71.0492_01458,71.0492
pos,71.0603,pos_mz_71.0604_01459,71.0604
pos,71.0604,pos_mz_71.0604_01459,71.0604
pos,71.0605,pos_mz_71.0604_01459,71.0604
pos,71.0684,pos_mz_71.0685_01460,71.0685
pos,71.0685,pos_mz_71.0685_01460,71.0685
pos,71.0686,pos_mz_71.0685_01460,71.0685
pos,71.0687,pos_mz_71.0685_01460,71.0685
pos,71.0855,pos_mz_71.0856_01462,71.0856
pos,71.0856,pos_mz_71.0856_01462,71.0856
pos,71.9517,pos_mz_71.9519_01473,71.9519
pos,71.9518,pos_mz_71.9519_01473,71.9519
pos,71.9519,pos_mz_71.9519_01473,71.9519
pos,71.952,pos_mz_71.9519_01473,71.9519
pos,72.0443,pos_mz_72.0444_01480,72.0444
pos,72.0444,pos_mz_72.0444_01480,72.0444
pos,72.0445,pos_mz_72.0444_01480,72.0444
pos,73.0283,pos_mz_73.0284_01512,73.0284
pos,73.0284,pos_mz_73.0284_01512,73.0284
pos,73.0285,pos_mz_73.0284_01512,73.0284
pos,73.0647,pos_mz_73.0648_01522,73.0648
pos,73.0648,pos_mz_73.0648_01522,73.0648
pos,73.0649,pos_mz_73.0648_01522,73.0648
pos,73.9965,pos_mz_73.9967_01553,73.9967
pos,73.9966,pos_mz_73.9967_01553,73.9967
pos,73.9967,pos_mz_73.9967_01553,73.9967
pos,73.9968,pos_mz_73.9967_01553,73.9967
pos,74.06,pos_mz_74.0600_01573,74.06
pos,74.0601,pos_mz_74.0600_01573,74.06
pos,74.068,pos_mz_74.0681_01583,74.0681
pos,74.0681,pos_mz_74.0681_01583,74.0681
pos,74.0682,pos_mz_74.0681_01583,74.0681
pos,74.0963,pos_mz_74.0964_01593,74.0964
pos,74.0964,pos_mz_74.0964_01593,74.0964
pos,74.0965,pos_mz_74.0964_01593,74.0964
pos,74.9752,pos_mz_74.9753_01616,74.9753
pos,74.9753,pos_mz_74.9753_01616,74.9753
pos,74.9754,pos_mz_74.9753_01616,74.9753
pos,74.9755,pos_mz_74.9753_01616,74.9753
pos,75.044,pos_mz_75.0441_01622,75.0441
pos,75.0441,pos_mz_75.0441_01622,75.0441
pos,75.0551,pos_mz_75.0553_01624,75.0553
pos,75.0552,pos_mz_75.0553_01624,75.0553
pos,75.0553,pos_mz_75.0553_01624,75.0553
pos,75.0554,pos_mz_75.0553_01624,75.0553
pos,75.0569,pos_mz_75.0571_01626,75.0571
pos,75.057,pos_mz_75.0571_01626,75.0571
pos,75.0571,pos_mz_75.0571_01626,75.0571
pos,75.0572,pos_mz_75.0571_01626,75.0571
pos,75.0633,pos_mz_75.0634_01628,75.0634
pos,75.0634,pos_mz_75.0634_01628,75.0634
pos,75.0635,pos_mz_75.0634_01628,75.0634
pos,76.0175,pos_mz_76.0175_01650,76.0175
pos,76.0176,pos_mz_76.0175_01650,76.0175
pos,76.0392,pos_mz_76.0393_01652,76.0393
pos,76.0393,pos_mz_76.0393_01652,76.0393
pos,76.0394,pos_mz_76.0393_01652,76.0393
pos,77.0384,pos_mz_77.0385_01689,77.0385
pos,77.0385,pos_mz_77.0385_01689,77.0385
pos,77.0386,pos_mz_77.0385_01689,77.0385
pos,77.0387,pos_mz_77.0385_01689,77.0385
pos,78.0129,pos_mz_78.0130_01732,78.013
pos,78.013,pos_mz_78.0130_01732,78.013
pos,78.0131,pos_mz_78.0130_01732,78.013
pos,78.0225,pos_mz_78.0226_01749,78.0226
pos,78.0226,pos_mz_78.0226_01749,78.0226
pos,78.0227,pos_mz_78.0226_01749,78.0226
pos,78.9969,pos_mz_78.9970_01817,78.997
pos,78.997,pos_mz_78.9970_01817,78.997
pos,78.9971,pos_mz_78.9970_01817,78.997
pos,79.0211,pos_mz_79.0212_01850,79.0212
pos,79.0212,pos_mz_79.0212_01850,79.0212
pos,79.0213,pos_mz_79.0212_01850,79.0212
pos,79.0541,pos_mz_79.0542_01864,79.0542
pos,79.0542,pos_mz_79.0542_01864,79.0542
pos,79.0543,pos_mz_79.0542_01864,79.0542
pos,79.9555,pos_mz_79.9556_01891,79.9556
pos,79.9556,pos_mz_79.9556_01891,79.9556
pos,80.0085,pos_mz_80.0087_01905,80.0087
pos,80.0086,pos_mz_80.0087_01905,80.0087
pos,80.0087,pos_mz_80.0087_01905,80.0087
pos,80.0088,pos_mz_80.0087_01905,80.0087
pos,80.0199,pos_mz_80.0200_01908,80.02
pos,80.02,pos_mz_80.0200_01908,80.02
pos,80.0201,pos_mz_80.0200_01908,80.02
pos,80.0202,pos_mz_80.0200_01908,80.02
pos,80.0494,pos_mz_80.0494_01913,80.0494
pos,80.0495,pos_mz_80.0494_01913,80.0494
pos,80.0573,pos_mz_80.0575_01916,80.0575
pos,80.0574,pos_mz_80.0575_01916,80.0575
pos,80.0575,pos_mz_80.0575_01916,80.0575
pos,80.0576,pos_mz_80.0575_01916,80.0575
pos,80.0577,pos_mz_80.0575_01916,80.0575
pos,80.9395,pos_mz_80.9396_01943,80.9396
pos,80.9396,pos_mz_80.9396_01943,80.9396
pos,80.9397,pos_mz_80.9396_01943,80.9396
pos,80.9926,pos_mz_80.9927_01952,80.9927
pos,80.9927,pos_mz_80.9927_01952,80.9927
pos,80.9971,pos_mz_80.9973_01953,80.9973
pos,80.9972,pos_mz_80.9973_01953,80.9973
pos,80.9973,pos_mz_80.9973_01953,80.9973
pos,80.9974,pos_mz_80.9973_01953,80.9973
pos,80.9975,pos_mz_80.9973_01953,80.9973
pos,81.0012,pos_mz_81.0013_01956,81.0013
pos,81.0013,pos_mz_81.0013_01956,81.0013
pos,81.0014,pos_mz_81.0013_01956,81.0013
pos,81.031,pos_mz_81.0311_01962,81.0311
pos,81.0311,pos_mz_81.0311_01962,81.0311
pos,81.0312,pos_mz_81.0311_01962,81.0311
pos,81.0333,pos_mz_81.0335_01963,81.0335
pos,81.0334,pos_mz_81.0335_01963,81.0335
pos,81.0335,pos_mz_81.0335_01963,81.0335
pos,81.0336,pos_mz_81.0335_01963,81.0335
pos,81.0446,pos_mz_81.0447_01964,81.0447
pos,81.0447,pos_mz_81.0447_01964,81.0447
pos,81.0448,pos_mz_81.0447_01964,81.0447
pos,81.0449,pos_mz_81.0447_01964,81.0447
pos,81.0527,pos_mz_81.0528_01969,81.0528
pos,81.0528,pos_mz_81.0528_01969,81.0528
pos,81.0529,pos_mz_81.0528_01969,81.0528
pos,81.0698,pos_mz_81.0698_01978,81.0698
pos,81.0699,pos_mz_81.0698_01978,81.0698
pos,81.9536,pos_mz_81.9537_01998,81.9537
pos,81.9537,pos_mz_81.9537_01998,81.9537
pos,81.9538,pos_mz_81.9537_01998,81.9537
pos,81.9628,pos_mz_81.9629_02001,81.9629
pos,81.9629,pos_mz_81.9629_02001,81.9629
pos,81.963,pos_mz_81.9629_02001,81.9629
pos,82.0731,pos_mz_82.0732_02015,82.0732
pos,82.0732,pos_mz_82.0732_02015,82.0732
pos,82.0733,pos_mz_82.0732_02015,82.0732
pos,82.9376,pos_mz_82.9377_02023,82.9377
pos,82.9377,pos_mz_82.9377_02023,82.9377
pos,82.9378,pos_mz_82.9377_02023,82.9377
pos,82.9379,pos_mz_82.9377_02023,82.9377
pos,83.0215,pos_mz_83.0216_02028,83.0216
pos,83.0216,pos_mz_83.0216_02028,83.0216
pos,83.049,pos_mz_83.0491_02032,83.0491
pos,83.0491,pos_mz_83.0491_02032,83.0491
pos,83.0492,pos_mz_83.0491_02032,83.0491
pos,83.0854,pos_mz_83.0855_02039,83.0855
pos,83.0855,pos_mz_83.0855_02039,83.0855
pos,83.0856,pos_mz_83.0855_02039,83.0855
pos,83.9597,pos_mz_83.9599_02047,83.9599
pos,83.9598,pos_mz_83.9599_02047,83.9599
pos,83.9599,pos_mz_83.9599_02047,83.9599
pos,83.96,pos_mz_83.9599_02047,83.9599
pos,84.0442,pos_mz_84.0444_02051,84.0444
pos,84.0443,pos_mz_84.0444_02051,84.0444
pos,84.0444,pos_mz_84.0444_02051,84.0444
pos,84.0445,pos_mz_84.0444_02051,84.0444
pos,84.0745,pos_mz_84.0746_02055,84.0746
pos,84.0746,pos_mz_84.0746_02055,84.0746
pos,84.0747,pos_mz_84.0746_02055,84.0746
pos,84.0805,pos_mz_84.0808_02057,84.0808
pos,84.0806,pos_mz_84.0808_02057,84.0808
pos,84.0807,pos_mz_84.0808_02057,84.0808
pos,84.0808,pos_mz_84.0808_02057,84.0808
pos,84.0809,pos_mz_84.0808_02057,84.0808
pos,84.0888,pos_mz_84.0889_02060,84.0889
pos,84.0889,pos_mz_84.0889_02060,84.0889
pos,84.089,pos_mz_84.0889_02060,84.0889
pos,84.9595,pos_mz_84.9596_02110,84.9596
pos,84.9596,pos_mz_84.9596_02110,84.9596
pos,84.9597,pos_mz_84.9596_02110,84.9596
pos,85.0283,pos_mz_85.0284_02148,85.0284
pos,85.0284,pos_mz_85.0284_02148,85.0284
pos,85.0647,pos_mz_85.0648_02165,85.0648
pos,85.0648,pos_mz_85.0648_02165,85.0648
pos,85.0649,pos_mz_85.0648_02165,85.0648
pos,85.0759,pos_mz_85.0760_02172,85.076
pos,85.076,pos_mz_85.0760_02172,85.076
pos,85.0761,pos_mz_85.0760_02172,85.076
pos,85.0762,pos_mz_85.0760_02172,85.076
pos,85.0763,pos_mz_85.0760_02172,85.076
pos,85.0807,pos_mz_85.0808_02177,85.0808
pos,85.0808,pos_mz_85.0808_02177,85.0808
pos,85.0809,pos_mz_85.0808_02177,85.0808
pos,85.1009,pos_mz_85.1011_02187,85.1011
pos,85.101,pos_mz_85.1011_02187,85.1011
pos,85.1011,pos_mz_85.1011_02187,85.1011
pos,85.1012,pos_mz_85.1011_02187,85.1011
pos,85.1013,pos_mz_85.1011_02187,85.1011
pos,85.9585,pos_mz_85.9586_02202,85.9586
pos,85.9586,pos_mz_85.9586_02202,85.9586
pos,85.9587,pos_mz_85.9586_02202,85.9586
pos,85.9588,pos_mz_85.9586_02202,85.9586
pos,85.9629,pos_mz_85.9630_02204,85.963
pos,85.963,pos_mz_85.9630_02204,85.963
pos,85.9631,pos_mz_85.9630_02204,85.963
pos,86.0599,pos_mz_86.0600_02218,86.06
pos,86.06,pos_mz_86.0600_02218,86.06
pos,86.0601,pos_mz_86.0600_02218,86.06
pos,86.0841,pos_mz_86.0842_02224,86.0842
pos,86.0842,pos_mz_86.0842_02224,86.0842
pos,86.9556,pos_mz_86.9557_02243,86.9557
pos,86.9557,pos_mz_86.9557_02243,86.9557
pos,86.9558,pos_mz_86.9557_02243,86.9557
pos,86.9637,pos_mz_86.9639_02245,86.9639
pos,86.9638,pos_mz_86.9639_02245,86.9639
pos,86.9639,pos_mz_86.9639_02245,86.9639
pos,86.964,pos_mz_86.9639_02245,86.9639
pos,86.9752,pos_mz_86.9753_02248,86.9753
pos,86.9753,pos_mz_86.9753_02248,86.9753
pos,86.9754,pos_mz_86.9753_02248,86.9753
pos,86.9755,pos_mz_86.9753_02248,86.9753
pos,86.9756,pos_mz_86.9753_02248,86.9753
pos,86.9926,pos_mz_86.9927_02249,86.9927
pos,86.9927,pos_mz_86.9927_02249,86.9927
pos,87.0278,pos_mz_87.0278_02260,87.0278
pos,87.0279,pos_mz_87.0278_02260,87.0278
pos,87.0439,pos_mz_87.0440_02262,87.044
pos,87.044,pos_mz_87.0440_02262,87.044
pos,87.0441,pos_mz_87.0440_02262,87.044
pos,87.0803,pos_mz_87.0804_02271,87.0804
pos,87.0804,pos_mz_87.0804_02271,87.0804
pos,87.0805,pos_mz_87.0804_02271,87.0804
pos,87.5294,pos_mz_87.5295_02279,87.5295
pos,87.5295,pos_mz_87.5295_02279,87.5295
pos,87.5296,pos_mz_87.5295_02279,87.5295
pos,87.5297,pos_mz_87.5295_02279,87.5295
pos,87.9932,pos_mz_87.9934_02286,87.9934
pos,87.9933,pos_mz_87.9934_02286,87.9934
pos,87.9934,pos_mz_87.9934_02286,87.9934
pos,87.9935,pos_mz_87.9934_02286,87.9934
pos,87.9936,pos_mz_87.9934_02286,87.9934
pos,88.0214,pos_mz_88.0215_02293,88.0215
pos,88.0215,pos_mz_88.0215_02293,88.0215
pos,88.0216,pos_mz_88.0215_02293,88.0215
pos,88.039,pos_mz_88.0392_02299,88.0392
pos,88.0391,pos_mz_88.0392_02299,88.0392
pos,88.0392,pos_mz_88.0392_02299,88.0392
pos,88.0393,pos_mz_88.0392_02299,88.0392
pos,88.0394,pos_mz_88.0392_02299,88.0392
pos,88.0755,pos_mz_88.0756_02307,88.0756
pos,88.0756,pos_mz_88.0756_02307,88.0756
pos,88.0757,pos_mz_88.0756_02307,88.0756
pos,88.0835,pos_mz_88.0837_02309,88.0837
pos,88.0836,pos_mz_88.0837_02309,88.0837
pos,88.0837,pos_mz_88.0837_02309,88.0837
pos,88.0838,pos_mz_88.0837_02309,88.0837
pos,88.0839,pos_mz_88.0837_02309,88.0837
pos,88.9524,pos_mz_88.9525_02324,88.9525
pos,88.9525,pos_mz_88.9525_02324,88.9525
pos,88.9526,pos_mz_88.9525_02324,88.9525
pos,88.99,pos_mz_88.9902_02334,88.9902
pos,88.9901,pos_mz_88.9902_02334,88.9902
pos,88.9902,pos_mz_88.9902_02334,88.9902
pos,88.9903,pos_mz_88.9902_02334,88.9902
pos,88.9904,pos_mz_88.9902_02334,88.9902
pos,89.0596,pos_mz_89.0596_02346,89.0596
pos,89.0597,pos_mz_89.0596_02346,89.0596
pos,89.0707,pos_mz_89.0709_02347,89.0709
pos,89.0708,pos_mz_89.0709_02347,89.0709
pos,89.0709,pos_mz_89.0709_02347,89.0709
pos,89.9622,pos_mz_89.9624_02355,89.9624
pos,89.9623,pos_mz_89.9624_02355,89.9624
pos,89.9624,pos_mz_89.9624_02355,89.9624
pos,89.9625,pos_mz_89.9624_02355,89.9624
pos,89.9626,pos_mz_89.9624_02355,89.9624
pos,90.0371,pos_mz_90.0371_02362,90.0371
pos,90.0372,pos_mz_90.0371_02362,90.0371
pos,90.0373,pos_mz_90.0371_02362,90.0371
pos,90.0374,pos_mz_90.0371_02362,90.0371
pos,90.0547,pos_mz_90.0549_02363,90.0549
pos,90.0548,pos_mz_90.0549_02363,90.0549
pos,90.0549,pos_mz_90.0549_02363,90.0549
pos,90.055,pos_mz_90.0549_02363,90.0549
pos,90.0551,pos_mz_90.0549_02363,90.0549
pos,90.9475,pos_mz_90.9476_02374,90.9476
pos,90.9476,pos_mz_90.9476_02374,90.9476
pos,90.9477,pos_mz_90.9476_02374,90.9476
pos,90.9478,pos_mz_90.9476_02374,90.9476
pos,90.9764,pos_mz_90.9766_02376,90.9766
pos,90.9765,pos_mz_90.9766_02376,90.9766
pos,90.9766,pos_mz_90.9766_02376,90.9766
pos,90.9767,pos_mz_90.9766_02376,90.9766
pos,91.054,pos_mz_91.0542_02393,91.0542
pos,91.0541,pos_mz_91.0542_02393,91.0542
pos,91.0542,pos_mz_91.0542_02393,91.0542
pos,91.0543,pos_mz_91.0542_02393,91.0542
pos,92.9494,pos_mz_92.9496_02422,92.9496
pos,92.9495,pos_mz_92.9496_02422,92.9496
pos,92.9496,pos_mz_92.9496_02422,92.9496
pos,92.9497,pos_mz_92.9496_02422,92.9496
pos,92.9498,pos_mz_92.9496_02422,92.9496
pos,93.0698,pos_mz_93.0698_02441,93.0698
pos,93.0699,pos_mz_93.0698_02441,93.0698
pos,94.065,pos_mz_94.0651_02459,94.0651
pos,94.0651,pos_mz_94.0651_02459,94.0651
pos,94.0652,pos_mz_94.0651_02459,94.0651
pos,95.0253,pos_mz_95.0253_02490,95.0253
pos,95.0254,pos_mz_95.0253_02490,95.0253
pos,95.0255,pos_mz_95.0253_02490,95.0253
pos,95.0256,pos_mz_95.0253_02490,95.0253
pos,95.0394,pos_mz_95.0395_02491,95.0395
pos,95.0395,pos_mz_95.0395_02491,95.0395
pos,95.0396,pos_mz_95.0395_02491,95.0395
pos,95.049,pos_mz_95.0491_02494,95.0491
pos,95.0491,pos_mz_95.0491_02494,95.0491
pos,95.0492,pos_mz_95.0491_02494,95.0491
pos,95.0683,pos_mz_95.0685_02500,95.0685
pos,95.0684,pos_mz_95.0685_02500,95.0685
pos,95.0685,pos_mz_95.0685_02500,95.0685
pos,95.0686,pos_mz_95.0685_02500,95.0685
pos,95.0854,pos_mz_95.0855_02507,95.0855
pos,95.0855,pos_mz_95.0855_02507,95.0855
pos,95.0856,pos_mz_95.0855_02507,95.0855
pos,95.9678,pos_mz_95.9679_02530,95.9679
pos,95.9679,pos_mz_95.9679_02530,95.9679
pos,95.968,pos_mz_95.9679_02530,95.9679
pos,95.9681,pos_mz_95.9679_02530,95.9679
pos,95.9741,pos_mz_95.9743_02532,95.9743
pos,95.9742,pos_mz_95.9743_02532,95.9743
pos,95.9743,pos_mz_95.9743_02532,95.9743
pos,95.9744,pos_mz_95.9743_02532,95.9743
pos,96.0235,pos_mz_96.0235_02557,96.0235
pos,96.0236,pos_mz_96.0235_02557,96.0235
pos,96.033,pos_mz_96.0331_02565,96.0331
pos,96.0331,pos_mz_96.0331_02565,96.0331
pos,96.0332,pos_mz_96.0331_02565,96.0331
pos,96.0418,pos_mz_96.0419_02571,96.0419
pos,96.0419,pos_mz_96.0419_02571,96.0419
pos,96.042,pos_mz_96.0419_02571,96.0419
pos,96.0441,pos_mz_96.0442_02572,96.0442
pos,96.0442,pos_mz_96.0442_02572,96.0442
pos,96.0443,pos_mz_96.0442_02572,96.0442
pos,96.0444,pos_mz_96.0442_02572,96.0442
pos,96.0886,pos_mz_96.0888_02584,96.0888
pos,96.0887,pos_mz_96.0888_02584,96.0888
pos,96.0888,pos_mz_96.0888_02584,96.0888
pos,96.0889,pos_mz_96.0888_02584,96.0888
pos,96.089,pos_mz_96.0888_02584,96.0888
pos,96.5347,pos_mz_96.5349_02594,96.5349
pos,96.5348,pos_mz_96.5349_02594,96.5349
pos,96.5349,pos_mz_96.5349_02594,96.5349
pos,96.535,pos_mz_96.5349_02594,96.5349
pos,96.9821,pos_mz_96.9822_02635,96.9822
pos,96.9822,pos_mz_96.9822_02635,96.9822
pos,96.9823,pos_mz_96.9822_02635,96.9822
pos,96.9824,pos_mz_96.9822_02635,96.9822
pos,97.0074,pos_mz_97.0075_02680,97.0075
pos,97.0075,pos_mz_97.0075_02680,97.0075
pos,97.0076,pos_mz_97.0075_02680,97.0075
pos,97.0201,pos_mz_97.0202_02702,97.0202
pos,97.0202,pos_mz_97.0202_02702,97.0202
pos,97.0203,pos_mz_97.0202_02702,97.0202
pos,97.0204,pos_mz_97.0202_02702,97.0202
pos,97.0281,pos_mz_97.0282_02720,97.0282
pos,97.0282,pos_mz_97.0282_02720,97.0282
pos,97.0283,pos_mz_97.0282_02720,97.0282
pos,97.0284,pos_mz_97.0282_02720,97.0282
pos,97.0349,pos_mz_97.0350_02730,97.035
pos,97.035,pos_mz_97.0350_02730,97.035
pos,97.0351,pos_mz_97.0350_02730,97.035
pos,97.0352,pos_mz_97.0350_02730,97.035
pos,97.0646,pos_mz_97.0647_02749,97.0647
pos,97.0647,pos_mz_97.0647_02749,97.0647
pos,97.0648,pos_mz_97.0647_02749,97.0647
pos,97.1009,pos_mz_97.1011_02758,97.1011
pos,97.101,pos_mz_97.1011_02758,97.1011
pos,97.1011,pos_mz_97.1011_02758,97.1011
pos,97.966,pos_mz_97.9660_02787,97.966
pos,97.9661,pos_mz_97.9660_02787,97.966
pos,97.9662,pos_mz_97.9660_02787,97.966
pos,97.9722,pos_mz_97.9724_02791,97.9724
pos,97.9723,pos_mz_97.9724_02791,97.9724
pos,97.9724,pos_mz_97.9724_02791,97.9724
pos,97.9725,pos_mz_97.9724_02791,97.9724
pos,97.9726,pos_mz_97.9724_02791,97.9724
pos,98.0114,pos_mz_98.0117_02797,98.0117
pos,98.0115,pos_mz_98.0117_02797,98.0117
pos,98.0116,pos_mz_98.0117_02797,98.0117
pos,98.0117,pos_mz_98.0117_02797,98.0117
pos,98.0136,pos_mz_98.0138_02799,98.0138
pos,98.0137,pos_mz_98.0138_02799,98.0138
pos,98.0138,pos_mz_98.0138_02799,98.0138
pos,98.0139,pos_mz_98.0138_02799,98.0138
pos,98.014,pos_mz_98.0138_02799,98.0138
pos,98.019,pos_mz_98.0192_02800,98.0192
pos,98.0191,pos_mz_98.0192_02800,98.0192
pos,98.0192,pos_mz_98.0192_02800,98.0192
pos,98.0276,pos_mz_98.0277_02806,98.0277
pos,98.0277,pos_mz_98.0277_02806,98.0277
pos,98.0278,pos_mz_98.0277_02806,98.0277
pos,98.0279,pos_mz_98.0277_02806,98.0277
pos,98.028,pos_mz_98.0277_02806,98.0277
pos,98.0597,pos_mz_98.0599_02812,98.0599
pos,98.0598,pos_mz_98.0599_02812,98.0599
pos,98.0599,pos_mz_98.0599_02812,98.0599
pos,98.06,pos_mz_98.0599_02812,98.0599
pos,98.0601,pos_mz_98.0599_02812,98.0599
pos,98.0899,pos_mz_98.0902_02815,98.0902
pos,98.09,pos_mz_98.0902_02815,98.0902
pos,98.0901,pos_mz_98.0902_02815,98.0902
pos,98.0902,pos_mz_98.0902_02815,98.0902
pos,98.0903,pos_mz_98.0902_02815,98.0902
pos,98.9499,pos_mz_98.9500_02835,98.95
pos,98.95,pos_mz_98.9500_02835,98.95
pos,98.9501,pos_mz_98.9500_02835,98.95
pos,98.9502,pos_mz_98.9500_02835,98.95
pos,98.9751,pos_mz_98.9752_02841,98.9752
pos,98.9752,pos_mz_98.9752_02841,98.9752
pos,98.9753,pos_mz_98.9752_02841,98.9752
pos,98.9754,pos_mz_98.9752_02841,98.9752
pos,98.98,pos_mz_98.9803_02842,98.9803
pos,98.9802,pos_mz_98.9803_02842,98.9803
pos,98.9803,pos_mz_98.9803_02842,98.9803
pos,98.9804,pos_mz_98.9803_02842,98.9803
pos,98.9839,pos_mz_98.9840_02845,98.984
pos,98.984,pos_mz_98.9840_02845,98.984
pos,98.9841,pos_mz_98.9840_02845,98.984
pos,98.9842,pos_mz_98.9840_02845,98.984
pos,98.9843,pos_mz_98.9840_02845,98.984
pos,99.0031,pos_mz_99.0032_02850,99.0032
pos,99.0032,pos_mz_99.0032_02850,99.0032
pos,99.0116,pos_mz_99.0117_02854,99.0117
pos,99.0117,pos_mz_99.0117_02854,99.0117
pos,99.0118,pos_mz_99.0117_02854,99.0117
pos,99.0438,pos_mz_99.0439_02867,99.0439
pos,99.0439,pos_mz_99.0439_02867,99.0439
pos,99.044,pos_mz_99.0439_02867,99.0439
pos,99.0802,pos_mz_99.0803_02876,99.0803
pos,99.0803,pos_mz_99.0803_02876,99.0803
pos,99.0804,pos_mz_99.0803_02876,99.0803
pos,99.964,pos_mz_99.9642_02894,99.9642
pos,99.9641,pos_mz_99.9642_02894,99.9642
pos,99.9642,pos_mz_99.9642_02894,99.9642
pos,99.9643,pos_mz_99.9642_02894,99.9642
pos,99.9644,pos_mz_99.9642_02894,99.9642
pos,100.0389,pos_mz_100.0392_02905,100.0392
pos,100.039,pos_mz_100.0392_02905,100.0392
pos,100.0391,pos_mz_100.0392_02905,100.0392
pos,100.0392,pos_mz_100.0392_02905,100.0392
pos,100.0393,pos_mz_100.0392_02905,100.0392
pos,100.0394,pos_mz_100.0392_02905,100.0392
pos,100.047,pos_mz_100.0473_02908,100.0473
pos,100.0471,pos_mz_100.0473_02908,100.0473
pos,100.0472,pos_mz_100.0473_02908,100.0473
pos,100.0473,pos_mz_100.0473_02908,100.0473
pos,100.0474,pos_mz_100.0473_02908,100.0473
pos,100.0475,pos_mz_100.0473_02908,100.0473
pos,100.0754,pos_mz_100.0755_02912,100.0755
pos,100.0755,pos_mz_100.0755_02912,100.0755
pos,100.0756,pos_mz_100.0755_02912,100.0755
pos,100.0757,pos_mz_100.0755_02912,100.0755
pos,100.0835,pos_mz_100.0836_02915,100.0836
pos,100.0836,pos_mz_100.0836_02915,100.0836
pos,100.0837,pos_mz_100.0836_02915,100.0836
pos,100.0838,pos_mz_100.0836_02915,100.0836
pos,100.0839,pos_mz_100.0836_02915,100.0836
pos,100.084,pos_mz_100.0836_02915,100.0836
pos,100.1119,pos_mz_100.1120_02918,100.112
pos,100.112,pos_mz_100.1120_02918,100.112
pos,100.1121,pos_mz_100.1120_02918,100.112
pos,100.948,pos_mz_100.9482_02929,100.9482
pos,100.9481,pos_mz_100.9482_02929,100.9482
pos,100.9482,pos_mz_100.9482_02929,100.9482
pos,100.9483,pos_mz_100.9482_02929,100.9482
pos,100.9484,pos_mz_100.9482_02929,100.9482
pos,100.9485,pos_mz_100.9482_02929,100.9482
pos,100.9986,pos_mz_100.9989_02936,100.9989
pos,100.9987,pos_mz_100.9989_02936,100.9989
pos,100.9988,pos_mz_100.9989_02936,100.9989
pos,100.9989,pos_mz_100.9989_02936,100.9989
pos,100.999,pos_mz_100.9989_02936,100.9989
pos,100.9991,pos_mz_100.9989_02936,100.9989
pos,101.023,pos_mz_101.0232_02947,101.0232
pos,101.0231,pos_mz_101.0232_02947,101.0232
pos,101.0232,pos_mz_101.0232_02947,101.0232
pos,101.0233,pos_mz_101.0232_02947,101.0232
pos,101.0234,pos_mz_101.0232_02947,101.0232
pos,101.0235,pos_mz_101.0232_02947,101.0232
pos,101.0595,pos_mz_101.0596_02954,101.0596
pos,101.0596,pos_mz_101.0596_02954,101.0596
pos,101.0597,pos_mz_101.0596_02954,101.0596
pos,101.1151,pos_mz_101.1152_02967,101.1152
pos,101.1152,pos_mz_101.1152_02967,101.1152
pos,101.1153,pos_mz_101.1152_02967,101.1152
pos,101.1154,pos_mz_101.1152_02967,101.1152
pos,101.1155,pos_mz_101.1152_02967,101.1152
pos,101.1156,pos_mz_101.1152_02967,101.1152
pos,102.0547,pos_mz_102.0548_02992,102.0548
pos,102.0548,pos_mz_102.0548_02992,102.0548
pos,102.0549,pos_mz_102.0548_02992,102.0548
pos,102.055,pos_mz_102.0548_02992,102.0548
pos,102.0551,pos_mz_102.0548_02992,102.0548
pos,102.0628,pos_mz_102.0629_02994,102.0629
pos,102.0629,pos_mz_102.0629_02994,102.0629
pos,102.063,pos_mz_102.0629_02994,102.0629
pos,102.0911,pos_mz_102.0912_02998,102.0912
pos,102.0912,pos_mz_102.0912_02998,102.0912
pos,102.0913,pos_mz_102.0912_02998,102.0912
pos,102.97,pos_mz_102.9701_03044,102.9701
pos,102.9701,pos_mz_102.9701_03044,102.9701
pos,102.9702,pos_mz_102.9701_03044,102.9701
pos,103.0386,pos_mz_103.0389_03078,103.0389
pos,103.0387,pos_mz_103.0389_03078,103.0389
pos,103.0388,pos_mz_103.0389_03078,103.0389
pos,103.0389,pos_mz_103.0389_03078,103.0389
pos,103.039,pos_mz_103.0389_03078,103.0389
pos,103.075,pos_mz_103.0752_03089,103.0752
pos,103.0751,pos_mz_103.0752_03089,103.0752
pos,103.0752,pos_mz_103.0752_03089,103.0752
pos,103.0753,pos_mz_103.0752_03089,103.0752
pos,103.0754,pos_mz_103.0752_03089,103.0752
pos,103.0755,pos_mz_103.0752_03089,103.0752
pos,103.0862,pos_mz_103.0865_03090,103.0865
pos,103.0863,pos_mz_103.0865_03090,103.0865
pos,103.0864,pos_mz_103.0865_03090,103.0865
pos,103.0865,pos_mz_103.0865_03090,103.0865
pos,103.0866,pos_mz_103.0865_03090,103.0865
pos,103.9733,pos_mz_103.9735_03099,103.9735
pos,103.9734,pos_mz_103.9735_03099,103.9735
pos,103.9735,pos_mz_103.9735_03099,103.9735
pos,103.9736,pos_mz_103.9735_03099,103.9735
pos,104.0339,pos_mz_104.0341_03107,104.0341
pos,104.034,pos_mz_104.0341_03107,104.0341
pos,104.0341,pos_mz_104.0341_03107,104.0341
pos,104.0342,pos_mz_104.0341_03107,104.0341
pos,104.0343,pos_mz_104.0341_03107,104.0341
pos,104.0344,pos_mz_104.0341_03107,104.0341
pos,104.0703,pos_mz_104.0704_03111,104.0704
pos,104.0704,pos_mz_104.0704_03111,104.0704
pos,104.0705,pos_mz_104.0704_03111,104.0704
pos,104.0706,pos_mz_104.0704_03111,104.0704
pos,104.9659,pos_mz_104.9661_03119,104.9661
pos,104.966,pos_mz_104.9661_03119,104.9661
pos,104.9661,pos_mz_104.9661_03119,104.9661
pos,104.9662,pos_mz_104.9661_03119,104.9661
pos,104.9663,pos_mz_104.9661_03119,104.9661
pos,104.9742,pos_mz_104.9744_03125,104.9744
pos,104.9743,pos_mz_104.9744_03125,104.9744
pos,104.9744,pos_mz_104.9744_03125,104.9744
pos,104.9745,pos_mz_104.9744_03125,104.9744
pos,104.9746,pos_mz_104.9744_03125,104.9744
pos,105.0031,pos_mz_105.0032_03128,105.0032
pos,105.0032,pos_mz_105.0032_03128,105.0032
pos,105.0033,pos_mz_105.0032_03128,105.0032
pos,105.0332,pos_mz_105.0333_03137,105.0333
pos,105.0333,pos_mz_105.0333_03137,105.0333
pos,105.0334,pos_mz_105.0333_03137,105.0333
pos,105.0335,pos_mz_105.0333_03137,105.0333
pos,105.0336,pos_mz_105.0333_03137,105.0333
pos,105.0365,pos_mz_105.0367_03138,105.0367
pos,105.0366,pos_mz_105.0367_03138,105.0367
pos,105.0367,pos_mz_105.0367_03138,105.0367
pos,105.0368,pos_mz_105.0367_03138,105.0367
pos,105.0369,pos_mz_105.0367_03138,105.0367
pos,105.0695,pos_mz_105.0697_03146,105.0697
pos,105.0696,pos_mz_105.0697_03146,105.0697
pos,105.0697,pos_mz_105.0697_03146,105.0697
pos,105.0698,pos_mz_105.0697_03146,105.0697
pos,105.0699,pos_mz_105.0697_03146,105.0697
pos,105.07,pos_mz_105.0697_03146,105.0697
pos,106.0037,pos_mz_106.0039_03165,106.0039
pos,106.0038,pos_mz_106.0039_03165,106.0039
pos,106.0039,pos_mz_106.0039_03165,106.0039
pos,106.004,pos_mz_106.0039_03165,106.0039
pos,106.0041,pos_mz_106.0039_03165,106.0039
pos,106.0042,pos_mz_106.0039_03165,106.0039
pos,106.0077,pos_mz_106.0078_03166,106.0078
pos,106.0078,pos_mz_106.0078_03166,106.0078
pos,106.0079,pos_mz_106.0078_03166,106.0078
pos,106.9629,pos_mz_106.9630_03215,106.963
pos,106.963,pos_mz_106.9630_03215,106.963
pos,106.9631,pos_mz_106.9630_03215,106.963
pos,106.9917,pos_mz_106.9918_03227,106.9918
pos,106.9918,pos_mz_106.9918_03227,106.9918
pos,106.9919,pos_mz_106.9918_03227,106.9918
pos,107.0005,pos_mz_107.0007_03232,107.0007
pos,107.0006,pos_mz_107.0007_03232,107.0007
pos,107.0007,pos_mz_107.0007_03232,107.0007
pos,107.0008,pos_mz_107.0007_03232,107.0007
pos,107.0433,pos_mz_107.0434_03250,107.0434
pos,107.0434,pos_mz_107.0434_03250,107.0434
pos,107.0435,pos_mz_107.0434_03250,107.0434
pos,107.0487,pos_mz_107.0490_03252,107.049
pos,107.0488,pos_mz_107.0490_03252,107.049
pos,107.0489,pos_mz_107.0490_03252,107.049
pos,107.049,pos_mz_107.0490_03252,107.049
pos,107.0491,pos_mz_107.0490_03252,107.049
pos,107.0492,pos_mz_107.0490_03252,107.049
pos,107.0699,pos_mz_107.0701_03257,107.0701
pos,107.07,pos_mz_107.0701_03257,107.0701
pos,107.0701,pos_mz_107.0701_03257,107.0701
pos,107.0702,pos_mz_107.0701_03257,107.0701
pos,107.0703,pos_mz_107.0701_03257,107.0701
pos,107.0853,pos_mz_107.0853_03265,107.0853
pos,107.0854,pos_mz_107.0853_03265,107.0853
pos,107.0855,pos_mz_107.0853_03265,107.0853
pos,107.5449,pos_mz_107.5451_03281,107.5451
pos,107.545,pos_mz_107.5451_03281,107.5451
pos,107.5451,pos_mz_107.5451_03281,107.5451
pos,107.5452,pos_mz_107.5451_03281,107.5451
pos,107.5453,pos_mz_107.5451_03281,107.5451
pos,107.5454,pos_mz_107.5451_03281,107.5451
pos,107.9949,pos_mz_107.9951_03298,107.9951
pos,107.995,pos_mz_107.9951_03298,107.9951
pos,107.9951,pos_mz_107.9951_03298,107.9951
pos,107.9952,pos_mz_107.9951_03298,107.9951
pos,107.9953,pos_mz_107.9951_03298,107.9951
pos,108.0803,pos_mz_108.0806_03321,108.0806
pos,108.0804,pos_mz_108.0806_03321,108.0806
pos,108.0805,pos_mz_108.0806_03321,108.0806
pos,108.0806,pos_mz_108.0806_03321,108.0806
pos,108.0807,pos_mz_108.0806_03321,108.0806
pos,108.0808,pos_mz_108.0806_03321,108.0806
pos,108.9873,pos_mz_108.9875_03347,108.9875
pos,108.9874,pos_mz_108.9875_03347,108.9875
pos,108.9875,pos_mz_108.9875_03347,108.9875
pos,108.9876,pos_mz_108.9875_03347,108.9875
pos,108.9877,pos_mz_108.9875_03347,108.9875
pos,108.9958,pos_mz_108.9960_03348,108.996
pos,108.9959,pos_mz_108.9960_03348,108.996
pos,108.996,pos_mz_108.9960_03348,108.996
pos,108.9961,pos_mz_108.9960_03348,108.996
pos,108.9962,pos_mz_108.9960_03348,108.996
pos,109.0645,pos_mz_109.0647_03371,109.0647
pos,109.0646,pos_mz_109.0647_03371,109.0647
pos,109.0647,pos_mz_109.0647_03371,109.0647
pos,109.0648,pos_mz_109.0647_03371,109.0647
pos,109.101,pos_mz_109.1010_03380,109.101
pos,109.1011,pos_mz_109.1010_03380,109.101
pos,109.1012,pos_mz_109.1010_03380,109.101
pos,110.0597,pos_mz_110.0600_03413,110.06
pos,110.0598,pos_mz_110.0600_03413,110.06
pos,110.0599,pos_mz_110.0600_03413,110.06
pos,110.06,pos_mz_110.0600_03413,110.06
pos,110.0601,pos_mz_110.0600_03413,110.06
pos,110.0602,pos_mz_110.0600_03413,110.06
pos,110.1042,pos_mz_110.1044_03423,110.1044
pos,110.1043,pos_mz_110.1044_03423,110.1044
pos,110.1044,pos_mz_110.1044_03423,110.1044
pos,110.1045,pos_mz_110.1044_03423,110.1044
pos,110.1046,pos_mz_110.1044_03423,110.1044
pos,110.96,pos_mz_110.9601_03434,110.9601
pos,110.9601,pos_mz_110.9601_03434,110.9601
pos,110.9602,pos_mz_110.9601_03434,110.9601
pos,110.9603,pos_mz_110.9601_03434,110.9601
pos,111.0228,pos_mz_111.0231_03442,111.0231
pos,111.0229,pos_mz_111.0231_03442,111.0231
pos,111.023,pos_mz_111.0231_03442,111.0231
pos,111.0231,pos_mz_111.0231_03442,111.0231
pos,111.0232,pos_mz_111.0231_03442,111.0231
pos,111.0233,pos_mz_111.0231_03442,111.0231
pos,111.0413,pos_mz_111.0416_03445,111.0416
pos,111.0414,pos_mz_111.0416_03445,111.0416
pos,111.0415,pos_mz_111.0416_03445,111.0416
pos,111.0416,pos_mz_111.0416_03445,111.0416
pos,111.0417,pos_mz_111.0416_03445,111.0416
pos,111.0418,pos_mz_111.0416_03445,111.0416
pos,111.0437,pos_mz_111.0439_03446,111.0439
pos,111.0438,pos_mz_111.0439_03446,111.0439
pos,111.0439,pos_mz_111.0439_03446,111.0439
pos,111.044,pos_mz_111.0439_03446,111.0439
pos,111.0801,pos_mz_111.0803_03458,111.0803
pos,111.0802,pos_mz_111.0803_03458,111.0803
pos,111.0803,pos_mz_111.0803_03458,111.0803
pos,111.0804,pos_mz_111.0803_03458,111.0803
pos,111.0805,pos_mz_111.0803_03458,111.0803
pos,111.1165,pos_mz_111.1167_03464,111.1167
pos,111.1166,pos_mz_111.1167_03464,111.1167
pos,111.1167,pos_mz_111.1167_03464,111.1167
pos,111.1168,pos_mz_111.1167_03464,111.1167
pos,111.117,pos_mz_111.1167_03464,111.1167
pos,112.0752,pos_mz_112.0755_03490,112.0755
pos,112.0753,pos_mz_112.0755_03490,112.0755
pos,112.0754,pos_mz_112.0755_03490,112.0755
pos,112.0755,pos_mz_112.0755_03490,112.0755
pos,112.0756,pos_mz_112.0755_03490,112.0755
pos,112.0835,pos_mz_112.0836_03493,112.0836
pos,112.0836,pos_mz_112.0836_03493,112.0836
pos,112.0837,pos_mz_112.0836_03493,112.0836
pos,112.0838,pos_mz_112.0836_03493,112.0836
pos,112.0839,pos_mz_112.0836_03493,112.0836
pos,112.084,pos_mz_112.0836_03493,112.0836
pos,112.1198,pos_mz_112.1199_03495,112.1199
pos,112.1199,pos_mz_112.1199_03495,112.1199
pos,112.12,pos_mz_112.1199_03495,112.1199
pos,112.1201,pos_mz_112.1199_03495,112.1199
pos,112.1202,pos_mz_112.1199_03495,112.1199
pos,112.1203,pos_mz_112.1199_03495,112.1199
pos,113.0594,pos_mz_113.0596_03526,113.0596
pos,113.0595,pos_mz_113.0596_03526,113.0596
pos,113.0596,pos_mz_113.0596_03526,113.0596
pos,113.0597,pos_mz_113.0596_03526,113.0596
pos,113.0957,pos_mz_113.0959_03531,113.0959
pos,113.0958,pos_mz_113.0959_03531,113.0959
pos,113.0959,pos_mz_113.0959_03531,113.0959
pos,113.096,pos_mz_113.0959_03531,113.0959
pos,113.0961,pos_mz_113.0959_03531,113.0959
pos,114.0911,pos_mz_114.0912_03572,114.0912
pos,114.0912,pos_mz_114.0912_03572,114.0912
pos,114.0913,pos_mz_114.0912_03572,114.0912
pos,114.97,pos_mz_114.9701_03609,114.9701
pos,114.9701,pos_mz_114.9701_03609,114.9701
pos,114.9702,pos_mz_114.9701_03609,114.9701
pos,115.0362,pos_mz_115.0365_03631,115.0365
pos,115.0363,pos_mz_115.0365_03631,115.0365
pos,115.0364,pos_mz_115.0365_03631,115.0365
pos,115.0365,pos_mz_115.0365_03631,115.0365
pos,115.0366,pos_mz_115.0365_03631,115.0365
pos,115.0385,pos_mz_115.0388_03632,115.0388
pos,115.0386,pos_mz_115.0388_03632,115.0388
pos,115.0387,pos_mz_115.0388_03632,115.0388
pos,115.0388,pos_mz_115.0388_03632,115.0388
pos,115.0389,pos_mz_115.0388_03632,115.0388
pos,115.039,pos_mz_115.0388_03632,115.0388
pos,115.0751,pos_mz_115.0753_03643,115.0753
pos,115.0752,pos_mz_115.0753_03643,115.0753
pos,115.0753,pos_mz_115.0753_03643,115.0753
pos,115.0943,pos_mz_115.0946_03650,115.0946
pos,115.0944,pos_mz_115.0946_03650,115.0946
pos,115.0945,pos_mz_115.0946_03650,115.0946
pos,115.0946,pos_mz_115.0946_03650,115.0946
pos,115.0947,pos_mz_115.0946_03650,115.0946
pos,115.1114,pos_mz_115.1116_03652,115.1116
pos,115.1115,pos_mz_115.1116_03652,115.1116
pos,115.1116,pos_mz_115.1116_03652,115.1116
pos,115.1117,pos_mz_115.1116_03652,115.1116
pos,115.1118,pos_mz_115.1116_03652,115.1116
pos,116.0484,pos_mz_116.0487_03688,116.0487
pos,116.0485,pos_mz_116.0487_03688,116.0487
pos,116.0486,pos_mz_116.0487_03688,116.0487
pos,116.0487,pos_mz_116.0487_03688,116.0487
pos,116.0488,pos_mz_116.0487_03688,116.0487
pos,116.0783,pos_mz_116.0785_03697,116.0785
pos,116.0784,pos_mz_116.0785_03697,116.0785
pos,116.0785,pos_mz_116.0785_03697,116.0785
pos,116.0786,pos_mz_116.0785_03697,116.0785
pos,117.0542,pos_mz_117.0545_03751,117.0545
pos,117.0543,pos_mz_117.0545_03751,117.0545
pos,117.0544,pos_mz_117.0545_03751,117.0545
pos,117.0545,pos_mz_117.0545_03751,117.0545
pos,117.0907,pos_mz_117.0908_03767,117.0908
pos,117.0908,pos_mz_117.0908_03767,117.0908
pos,117.0909,pos_mz_117.0908_03767,117.0908
pos,117.091,pos_mz_117.0908_03767,117.0908
pos,117.102,pos_mz_117.1021_03770,117.1021
pos,117.1021,pos_mz_117.1021_03770,117.1021
pos,117.1022,pos_mz_117.1021_03770,117.1021
pos,117.9581,pos_mz_117.9583_03793,117.9583
pos,117.9582,pos_mz_117.9583_03793,117.9583
pos,117.9583,pos_mz_117.9583_03793,117.9583
pos,117.9584,pos_mz_117.9583_03793,117.9583
pos,117.9585,pos_mz_117.9583_03793,117.9583
pos,117.9586,pos_mz_117.9583_03793,117.9583
pos,118.0648,pos_mz_118.0649_03813,118.0649
pos,118.0649,pos_mz_118.0649_03813,118.0649
pos,118.065,pos_mz_118.0649_03813,118.0649
pos,118.0651,pos_mz_118.0649_03813,118.0649
pos,118.9423,pos_mz_118.9425_03837,118.9425
pos,118.9424,pos_mz_118.9425_03837,118.9425
pos,118.9425,pos_mz_118.9425_03837,118.9425
pos,118.9426,pos_mz_118.9425_03837,118.9425
pos,118.9916,pos_mz_118.9918_03855,118.9918
pos,118.9917,pos_mz_118.9918_03855,118.9918
pos,118.9918,pos_mz_118.9918_03855,118.9918
pos,118.9919,pos_mz_118.9918_03855,118.9918
pos,118.992,pos_mz_118.9918_03855,118.9918
pos,119.0281,pos_mz_119.0282_03869,119.0282
pos,119.0282,pos_mz_119.0282_03869,119.0282
pos,119.0283,pos_mz_119.0282_03869,119.0282
pos,120.0232,pos_mz_120.0235_03923,120.0235
pos,120.0233,pos_mz_120.0235_03923,120.0235
pos,120.0234,pos_mz_120.0235_03923,120.0235
pos,120.0235,pos_mz_120.0235_03923,120.0235
pos,120.0236,pos_mz_120.0235_03923,120.0235
pos,120.0238,pos_mz_120.0235_03923,120.0235
pos,120.0474,pos_mz_120.0476_03932,120.0476
pos,120.0475,pos_mz_120.0476_03932,120.0476
pos,120.0476,pos_mz_120.0476_03932,120.0476
pos,120.0477,pos_mz_120.0476_03932,120.0476
pos,120.0478,pos_mz_120.0476_03932,120.0476
pos,120.0479,pos_mz_120.0476_03932,120.0476
pos,120.9806,pos_mz_120.9807_03986,120.9807
pos,120.9807,pos_mz_120.9807_03986,120.9807
pos,120.9808,pos_mz_120.9807_03986,120.9807
pos,120.9867,pos_mz_120.9870_03989,120.987
pos,120.9868,pos_mz_120.9870_03989,120.987
pos,120.9869,pos_mz_120.9870_03989,120.987
pos,120.987,pos_mz_120.9870_03989,120.987
pos,120.9871,pos_mz_120.9870_03989,120.987
pos,120.9872,pos_mz_120.9870_03989,120.987
pos,121.0072,pos_mz_121.0075_03992,121.0075
pos,121.0073,pos_mz_121.0075_03992,121.0075
pos,121.0074,pos_mz_121.0075_03992,121.0075
pos,121.0075,pos_mz_121.0075_03992,121.0075
pos,121.0076,pos_mz_121.0075_03992,121.0075
pos,121.1008,pos_mz_121.1009_04027,121.1009
pos,121.1009,pos_mz_121.1009_04027,121.1009
pos,121.101,pos_mz_121.1009_04027,121.1009
pos,121.1011,pos_mz_121.1009_04027,121.1009
pos,121.1012,pos_mz_121.1009_04027,121.1009
pos,122.0959,pos_mz_122.0963_04075,122.0963
pos,122.096,pos_mz_122.0963_04075,122.0963
pos,122.0961,pos_mz_122.0963_04075,122.0963
pos,122.0962,pos_mz_122.0963_04075,122.0963
pos,122.0963,pos_mz_122.0963_04075,122.0963
pos,122.0964,pos_mz_122.0963_04075,122.0963
pos,123.0229,pos_mz_123.0230_04101,123.023
pos,123.023,pos_mz_123.0230_04101,123.023
pos,123.0231,pos_mz_123.0230_04101,123.023
pos,123.0232,pos_mz_123.0230_04101,123.023
pos,123.0233,pos_mz_123.0230_04101,123.023
pos,123.0436,pos_mz_123.0439_04108,123.0439
pos,123.0437,pos_mz_123.0439_04108,123.0439
pos,123.0438,pos_mz_123.0439_04108,123.0439
pos,123.0439,pos_mz_123.0439_04108,123.0439
pos,123.044,pos_mz_123.0439_04108,123.0439
pos,123.1165,pos_mz_123.1166_04126,123.1166
pos,123.1166,pos_mz_123.1166_04126,123.1166
pos,123.1167,pos_mz_123.1166_04126,123.1166
pos,123.1168,pos_mz_123.1166_04126,123.1166
pos,124.0181,pos_mz_124.0184_04139,124.0184
pos,124.0182,pos_mz_124.0184_04139,124.0184
pos,124.0183,pos_mz_124.0184_04139,124.0184
pos,124.0184,pos_mz_124.0184_04139,124.0184
pos,124.0185,pos_mz_124.0184_04139,124.0184
pos,124.0186,pos_mz_124.0184_04139,124.0184
pos,124.0966,pos_mz_124.0967_04154,124.0967
pos,124.0967,pos_mz_124.0967_04154,124.0967
pos,124.0968,pos_mz_124.0967_04154,124.0967
pos,124.0969,pos_mz_124.0967_04154,124.0967
pos,124.1196,pos_mz_124.1200_04155,124.12
pos,124.1197,pos_mz_124.1200_04155,124.12
pos,124.1198,pos_mz_124.1200_04155,124.12
pos,124.1199,pos_mz_124.1200_04155,124.12
pos,124.12,pos_mz_124.1200_04155,124.12
pos,124.1201,pos_mz_124.1200_04155,124.12
pos,124.1202,pos_mz_124.1200_04155,124.12
pos,125.0023,pos_mz_125.0023_04177,125.0023
pos,125.0024,pos_mz_125.0023_04177,125.0023
pos,125.0025,pos_mz_125.0023_04177,125.0023
pos,125.0185,pos_mz_125.0187_04180,125.0187
pos,125.0186,pos_mz_125.0187_04180,125.0187
pos,125.0187,pos_mz_125.0187_04180,125.0187
pos,125.0188,pos_mz_125.0187_04180,125.0187
pos,125.0189,pos_mz_125.0187_04180,125.0187
pos,125.019,pos_mz_125.0187_04180,125.0187
pos,125.0191,pos_mz_125.0187_04180,125.0187
pos,125.059,pos_mz_125.0596_04198,125.0596
pos,125.0593,pos_mz_125.0596_04198,125.0596
pos,125.0594,pos_mz_125.0596_04198,125.0596
pos,125.0595,pos_mz_125.0596_04198,125.0596
pos,125.0596,pos_mz_125.0596_04198,125.0596
pos,125.0956,pos_mz_125.0959_04207,125.0959
pos,125.0958,pos_mz_125.0959_04207,125.0959
pos,125.0959,pos_mz_125.0959_04207,125.0959
pos,125.096,pos_mz_125.0959_04207,125.0959
pos,125.9524,pos_mz_125.9527_04225,125.9527
pos,125.9525,pos_mz_125.9527_04225,125.9527
pos,125.9526,pos_mz_125.9527_04225,125.9527
pos,125.9527,pos_mz_125.9527_04225,125.9527
pos,125.9528,pos_mz_125.9527_04225,125.9527
pos,126.9364,pos_mz_126.9366_04274,126.9366
pos,126.9365,pos_mz_126.9366_04274,126.9366
pos,126.9366,pos_mz_126.9366_04274,126.9366
pos,126.9367,pos_mz_126.9366_04274,126.9366
pos,126.9368,pos_mz_126.9366_04274,126.9366
pos,126.9369,pos_mz_126.9366_04274,126.9366
pos,126.951,pos_mz_126.9512_04278,126.9512
pos,126.9511,pos_mz_126.9512_04278,126.9512
pos,126.9512,pos_mz_126.9512_04278,126.9512
pos,126.9513,pos_mz_126.9512_04278,126.9512
pos,126.9514,pos_mz_126.9512_04278,126.9512
pos,126.9515,pos_mz_126.9512_04278,126.9512
pos,126.9516,pos_mz_126.9512_04278,126.9512
pos,126.9937,pos_mz_126.9938_04285,126.9938
pos,126.9938,pos_mz_126.9938_04285,126.9938
pos,126.9939,pos_mz_126.9938_04285,126.9938
pos,126.994,pos_mz_126.9938_04285,126.9938
pos,126.9977,pos_mz_126.9980_04288,126.998
pos,126.9978,pos_mz_126.9980_04288,126.998
pos,126.9979,pos_mz_126.9980_04288,126.998
pos,126.998,pos_mz_126.9980_04288,126.998
pos,126.9981,pos_mz_126.9980_04288,126.998
pos,126.9982,pos_mz_126.9980_04288,126.998
pos,127.0236,pos_mz_127.0238_04297,127.0238
pos,127.0237,pos_mz_127.0238_04297,127.0238
pos,127.0238,pos_mz_127.0238_04297,127.0238
pos,127.0239,pos_mz_127.0238_04297,127.0238
pos,127.024,pos_mz_127.0238_04297,127.0238
pos,127.0385,pos_mz_127.0387_04302,127.0387
pos,127.0386,pos_mz_127.0387_04302,127.0387
pos,127.0387,pos_mz_127.0387_04302,127.0387
pos,127.0388,pos_mz_127.0387_04302,127.0387
pos,127.0725,pos_mz_127.0727_04310,127.0727
pos,127.0726,pos_mz_127.0727_04310,127.0727
pos,127.0727,pos_mz_127.0727_04310,127.0727
pos,127.0728,pos_mz_127.0727_04310,127.0727
pos,127.0729,pos_mz_127.0727_04310,127.0727
pos,127.073,pos_mz_127.0727_04310,127.0727
pos,127.075,pos_mz_127.0751_04313,127.0751
pos,127.0751,pos_mz_127.0751_04313,127.0751
pos,127.0752,pos_mz_127.0751_04313,127.0751
pos,127.0753,pos_mz_127.0751_04313,127.0751
pos,127.1114,pos_mz_127.1116_04316,127.1116
pos,127.1115,pos_mz_127.1116_04316,127.1116
pos,127.1116,pos_mz_127.1116_04316,127.1116
pos,127.1117,pos_mz_127.1116_04316,127.1116
pos,127.9492,pos_mz_127.9495_04331,127.9495
pos,127.9493,pos_mz_127.9495_04331,127.9495
pos,127.9494,pos_mz_127.9495_04331,127.9495
pos,127.9495,pos_mz_127.9495_04331,127.9495
pos,127.9496,pos_mz_127.9495_04331,127.9495
pos,128.0783,pos_mz_128.0785_04355,128.0785
pos,128.0784,pos_mz_128.0785_04355,128.0785
pos,128.0785,pos_mz_128.0785_04355,128.0785
pos,128.0786,pos_mz_128.0785_04355,128.0785
pos,128.0787,pos_mz_128.0785_04355,128.0785
pos,128.0788,pos_mz_128.0785_04355,128.0785
pos,128.1067,pos_mz_128.1068_04356,128.1068
pos,128.1068,pos_mz_128.1068_04356,128.1068
pos,128.1069,pos_mz_128.1068_04356,128.1068
pos,128.107,pos_mz_128.1068_04356,128.1068
pos,128.9501,pos_mz_128.9506_04368,128.9506
pos,128.9503,pos_mz_128.9506_04368,128.9506
pos,128.9504,pos_mz_128.9506_04368,128.9506
pos,128.9505,pos_mz_128.9506_04368,128.9506
pos,128.9506,pos_mz_128.9506_04368,128.9506
pos,128.9507,pos_mz_128.9506_04368,128.9506
pos,128.9854,pos_mz_128.9857_04373,128.9857
pos,128.9855,pos_mz_128.9857_04373,128.9857
pos,128.9856,pos_mz_128.9857_04373,128.9857
pos,128.9857,pos_mz_128.9857_04373,128.9857
pos,128.9858,pos_mz_128.9857_04373,128.9857
pos,129.0209,pos_mz_129.0213_04379,129.0213
pos,129.021,pos_mz_129.0213_04379,129.0213
pos,129.0211,pos_mz_129.0213_04379,129.0213
pos,129.0212,pos_mz_129.0213_04379,129.0213
pos,129.0213,pos_mz_129.0213_04379,129.0213
pos,129.0214,pos_mz_129.0213_04379,129.0213
pos,129.0215,pos_mz_129.0213_04379,129.0213
pos,129.0541,pos_mz_129.0543_04387,129.0543
pos,129.0542,pos_mz_129.0543_04387,129.0543
pos,129.0543,pos_mz_129.0543_04387,129.0543
pos,129.0544,pos_mz_129.0543_04387,129.0543
pos,129.0545,pos_mz_129.0543_04387,129.0543
pos,129.0546,pos_mz_129.0543_04387,129.0543
pos,129.0906,pos_mz_129.0908_04396,129.0908
pos,129.0907,pos_mz_129.0908_04396,129.0908
pos,129.0908,pos_mz_129.0908_04396,129.0908
pos,129.0909,pos_mz_129.0908_04396,129.0908
pos,129.091,pos_mz_129.0908_04396,129.0908
pos,129.0911,pos_mz_129.0908_04396,129.0908
pos,129.1098,pos_mz_129.1101_04400,129.1101
pos,129.1099,pos_mz_129.1101_04400,129.1101
pos,129.11,pos_mz_129.1101_04400,129.1101
pos,129.1101,pos_mz_129.1101_04400,129.1101
pos,129.1102,pos_mz_129.1101_04400,129.1101
pos,129.1103,pos_mz_129.1101_04400,129.1101
pos,130.0858,pos_mz_130.0861_04433,130.0861
pos,130.0859,pos_mz_130.0861_04433,130.0861
pos,130.086,pos_mz_130.0861_04433,130.0861
pos,130.0861,pos_mz_130.0861_04433,130.0861
pos,130.0862,pos_mz_130.0861_04433,130.0861
pos,130.0863,pos_mz_130.0861_04433,130.0861
pos,130.0864,pos_mz_130.0861_04433,130.0861
pos,130.9648,pos_mz_130.9650_04453,130.965
pos,130.9649,pos_mz_130.9650_04453,130.965
pos,130.965,pos_mz_130.9650_04453,130.965
pos,130.9651,pos_mz_130.9650_04453,130.965
pos,130.9652,pos_mz_130.9650_04453,130.965
pos,130.9653,pos_mz_130.9650_04453,130.965
pos,132.0474,pos_mz_132.0476_04508,132.0476
pos,132.0475,pos_mz_132.0476_04508,132.0476
pos,132.0476,pos_mz_132.0476_04508,132.0476
pos,132.0477,pos_mz_132.0476_04508,132.0476
pos,132.9805,pos_mz_132.9807_04543,132.9807
pos,132.9806,pos_mz_132.9807_04543,132.9807
pos,132.9807,pos_mz_132.9807_04543,132.9807
pos,132.9808,pos_mz_132.9807_04543,132.9807
pos,132.981,pos_mz_132.9807_04543,132.9807
pos,133.0071,pos_mz_133.0074_04547,133.0074
pos,133.0072,pos_mz_133.0074_04547,133.0074
pos,133.0073,pos_mz_133.0074_04547,133.0074
pos,133.0074,pos_mz_133.0074_04547,133.0074
pos,133.0075,pos_mz_133.0074_04547,133.0074
pos,133.0642,pos_mz_133.0646_04568,133.0646
pos,133.0643,pos_mz_133.0646_04568,133.0646
pos,133.0644,pos_mz_133.0646_04568,133.0646
pos,133.0645,pos_mz_133.0646_04568,133.0646
pos,133.0646,pos_mz_133.0646_04568,133.0646
pos,133.0647,pos_mz_133.0646_04568,133.0646
pos,133.0648,pos_mz_133.0646_04568,133.0646
pos,133.0791,pos_mz_133.0793_04572,133.0793
pos,133.0792,pos_mz_133.0793_04572,133.0793
pos,133.0793,pos_mz_133.0793_04572,133.0793
pos,133.0794,pos_mz_133.0793_04572,133.0793
pos,134.0024,pos_mz_134.0027_04605,134.0027
pos,134.0025,pos_mz_134.0027_04605,134.0027
pos,134.0026,pos_mz_134.0027_04605,134.0027
pos,134.0027,pos_mz_134.0027_04605,134.0027
pos,134.0028,pos_mz_134.0027_04605,134.0027
pos,134.0029,pos_mz_134.0027_04605,134.0027
pos,134.0825,pos_mz_134.0826_04626,134.0826
pos,134.0826,pos_mz_134.0826_04626,134.0826
pos,134.0827,pos_mz_134.0826_04626,134.0826
pos,134.0828,pos_mz_134.0826_04626,134.0826
pos,134.0831,pos_mz_134.0826_04626,134.0826
pos,134.9866,pos_mz_134.9867_04661,134.9867
pos,134.9867,pos_mz_134.9867_04661,134.9867
pos,134.9868,pos_mz_134.9867_04661,134.9867
pos,135.0132,pos_mz_135.0136_04671,135.0136
pos,135.0133,pos_mz_135.0136_04671,135.0136
pos,135.0134,pos_mz_135.0136_04671,135.0136
pos,135.0135,pos_mz_135.0136_04671,135.0136
pos,135.0136,pos_mz_135.0136_04671,135.0136
pos,135.0137,pos_mz_135.0136_04671,135.0136
pos,135.0228,pos_mz_135.0230_04675,135.023
pos,135.0229,pos_mz_135.0230_04675,135.023
pos,135.023,pos_mz_135.0230_04675,135.023
pos,135.0231,pos_mz_135.0230_04675,135.023
pos,135.0232,pos_mz_135.0230_04675,135.023
pos,135.0234,pos_mz_135.0230_04675,135.023
pos,135.0746,pos_mz_135.0749_04695,135.0749
pos,135.0747,pos_mz_135.0749_04695,135.0749
pos,135.0748,pos_mz_135.0749_04695,135.0749
pos,135.0749,pos_mz_135.0749_04695,135.0749
pos,135.075,pos_mz_135.0749_04695,135.0749
pos,135.0751,pos_mz_135.0749_04695,135.0749
pos,135.1012,pos_mz_135.1014_04703,135.1014
pos,135.1013,pos_mz_135.1014_04703,135.1014
pos,135.1014,pos_mz_135.1014_04703,135.1014
pos,135.1015,pos_mz_135.1014_04703,135.1014
pos,135.1018,pos_mz_135.1014_04703,135.1014
pos,136.0183,pos_mz_136.0184_04755,136.0184
pos,136.0184,pos_mz_136.0184_04755,136.0184
pos,136.0185,pos_mz_136.0184_04755,136.0184
pos,136.0186,pos_mz_136.0184_04755,136.0184
pos,136.0211,pos_mz_136.0214_04756,136.0214
pos,136.0212,pos_mz_136.0214_04756,136.0214
pos,136.0213,pos_mz_136.0214_04756,136.0214
pos,136.0214,pos_mz_136.0214_04756,136.0214
pos,136.0215,pos_mz_136.0214_04756,136.0214
pos,136.0546,pos_mz_136.0547_04768,136.0547
pos,136.0547,pos_mz_136.0547_04768,136.0547
pos,136.0548,pos_mz_136.0547_04768,136.0547
pos,136.0549,pos_mz_136.0547_04768,136.0547
pos,136.9526,pos_mz_136.9531_04831,136.9531
pos,136.9527,pos_mz_136.9531_04831,136.9531
pos,136.9528,pos_mz_136.9531_04831,136.9531
pos,136.9529,pos_mz_136.9531_04831,136.9531
pos,136.953,pos_mz_136.9531_04831,136.9531
pos,136.9531,pos_mz_136.9531_04831,136.9531
pos,136.9532,pos_mz_136.9531_04831,136.9531
pos,136.9893,pos_mz_136.9896_04848,136.9896
pos,136.9894,pos_mz_136.9896_04848,136.9896
pos,136.9895,pos_mz_136.9896_04848,136.9896
pos,136.9896,pos_mz_136.9896_04848,136.9896
pos,136.9897,pos_mz_136.9896_04848,136.9896
pos,136.9898,pos_mz_136.9896_04848,136.9896
pos,136.9899,pos_mz_136.9896_04848,136.9896
pos,137.0023,pos_mz_137.0023_04854,137.0023
pos,137.0024,pos_mz_137.0023_04854,137.0023
pos,137.0025,pos_mz_137.0023_04854,137.0023
pos,137.0243,pos_mz_137.0247_04868,137.0247
pos,137.0244,pos_mz_137.0247_04868,137.0247
pos,137.0245,pos_mz_137.0247_04868,137.0247
pos,137.0246,pos_mz_137.0247_04868,137.0247
pos,137.0247,pos_mz_137.0247_04868,137.0247
pos,137.0248,pos_mz_137.0247_04868,137.0247
pos,137.0386,pos_mz_137.0386_04873,137.0386
pos,137.0387,pos_mz_137.0386_04873,137.0386
pos,137.0388,pos_mz_137.0386_04873,137.0386
pos,137.0389,pos_mz_137.0386_04873,137.0386
pos,137.0591,pos_mz_137.0595_04890,137.0595
pos,137.0592,pos_mz_137.0595_04890,137.0595
pos,137.0593,pos_mz_137.0595_04890,137.0595
pos,137.0594,pos_mz_137.0595_04890,137.0595
pos,137.0595,pos_mz_137.0595_04890,137.0595
pos,137.1321,pos_mz_137.1322_04918,137.1322
pos,137.1322,pos_mz_137.1322_04918,137.1322
pos,137.1323,pos_mz_137.1322_04918,137.1322
pos,137.1324,pos_mz_137.1322_04918,137.1322
pos,137.9969,pos_mz_137.9973_04946,137.9973
pos,137.997,pos_mz_137.9973_04946,137.9973
pos,137.9971,pos_mz_137.9973_04946,137.9973
pos,137.9972,pos_mz_137.9973_04946,137.9973
pos,137.9973,pos_mz_137.9973_04946,137.9973
pos,137.9974,pos_mz_137.9973_04946,137.9973
pos,137.9975,pos_mz_137.9973_04946,137.9973
pos,138.0052,pos_mz_138.0055_04949,138.0055
pos,138.0054,pos_mz_138.0055_04949,138.0055
pos,138.0055,pos_mz_138.0055_04949,138.0055
pos,138.0056,pos_mz_138.0055_04949,138.0055
pos,138.0057,pos_mz_138.0055_04949,138.0055
pos,138.0058,pos_mz_138.0055_04949,138.0055
pos,138.042,pos_mz_138.0421_04964,138.0421
pos,138.0421,pos_mz_138.0421_04964,138.0421
pos,138.0422,pos_mz_138.0421_04964,138.0421
pos,138.0423,pos_mz_138.0421_04964,138.0421
pos,138.1354,pos_mz_138.1356_04990,138.1356
pos,138.1355,pos_mz_138.1356_04990,138.1356
pos,138.1356,pos_mz_138.1356_04990,138.1356
pos,138.1357,pos_mz_138.1356_04990,138.1356
pos,138.1358,pos_mz_138.1356_04990,138.1356
pos,138.9809,pos_mz_138.9813_05027,138.9813
pos,138.981,pos_mz_138.9813_05027,138.9813
pos,138.9811,pos_mz_138.9813_05027,138.9813
pos,138.9812,pos_mz_138.9813_05027,138.9813
pos,138.9813,pos_mz_138.9813_05027,138.9813
pos,138.9978,pos_mz_138.9980_05034,138.998
pos,138.9979,pos_mz_138.9980_05034,138.998
pos,138.998,pos_mz_138.9980_05034,138.998
pos,138.9981,pos_mz_138.9980_05034,138.998
pos,139.0341,pos_mz_139.0343_05047,139.0343
pos,139.0342,pos_mz_139.0343_05047,139.0343
pos,139.0343,pos_mz_139.0343_05047,139.0343
pos,139.0344,pos_mz_139.0343_05047,139.0343
pos,139.0345,pos_mz_139.0343_05047,139.0343
pos,139.0346,pos_mz_139.0343_05047,139.0343
pos,139.0425,pos_mz_139.0429_05053,139.0429
pos,139.0426,pos_mz_139.0429_05053,139.0429
pos,139.0427,pos_mz_139.0429_05053,139.0429
pos,139.0428,pos_mz_139.0429_05053,139.0429
pos,139.0429,pos_mz_139.0429_05053,139.0429
pos,139.043,pos_mz_139.0429_05053,139.0429
pos,139.0431,pos_mz_139.0429_05053,139.0429
pos,139.1113,pos_mz_139.1115_05083,139.1115
pos,139.1114,pos_mz_139.1115_05083,139.1115
pos,139.1115,pos_mz_139.1115_05083,139.1115
pos,139.1116,pos_mz_139.1115_05083,139.1115
pos,139.1117,pos_mz_139.1115_05083,139.1115
pos,139.9952,pos_mz_139.9954_05106,139.9954
pos,139.9953,pos_mz_139.9954_05106,139.9954
pos,139.9954,pos_mz_139.9954_05106,139.9954
pos,139.9955,pos_mz_139.9954_05106,139.9954
pos,139.9956,pos_mz_139.9954_05106,139.9954
pos,139.9957,pos_mz_139.9954_05106,139.9954
pos,139.9958,pos_mz_139.9954_05106,139.9954
pos,141.0142,pos_mz_141.0144_05164,141.0144
pos,141.0143,pos_mz_141.0144_05164,141.0144
pos,141.0144,pos_mz_141.0144_05164,141.0144
pos,141.0145,pos_mz_141.0144_05164,141.0144
pos,141.0146,pos_mz_141.0144_05164,141.0144
pos,141.0147,pos_mz_141.0144_05164,141.0144
pos,141.0149,pos_mz_141.0144_05164,141.0144
pos,141.054,pos_mz_141.0544_05180,141.0544
pos,141.0541,pos_mz_141.0544_05180,141.0544
pos,141.0542,pos_mz_141.0544_05180,141.0544
pos,141.0543,pos_mz_141.0544_05180,141.0544
pos,141.0544,pos_mz_141.0544_05180,141.0544
pos,141.0545,pos_mz_141.0544_05180,141.0544
pos,141.0546,pos_mz_141.0544_05180,141.0544
pos,141.0904,pos_mz_141.0908_05189,141.0908
pos,141.0906,pos_mz_141.0908_05189,141.0908
pos,141.0907,pos_mz_141.0908_05189,141.0908
pos,141.0908,pos_mz_141.0908_05189,141.0908
pos,141.0909,pos_mz_141.0908_05189,141.0908
pos,141.1269,pos_mz_141.1271_05192,141.1271
pos,141.127,pos_mz_141.1271_05192,141.1271
pos,141.1271,pos_mz_141.1271_05192,141.1271
pos,141.1272,pos_mz_141.1271_05192,141.1271
pos,141.1273,pos_mz_141.1271_05192,141.1271
pos,141.1274,pos_mz_141.1271_05192,141.1271
pos,141.1275,pos_mz_141.1271_05192,141.1271
pos,142.0858,pos_mz_142.0860_05218,142.086
pos,142.0859,pos_mz_142.0860_05218,142.086
pos,142.086,pos_mz_142.0860_05218,142.086
pos,142.0861,pos_mz_142.0860_05218,142.086
pos,142.0862,pos_mz_142.0860_05218,142.086
pos,142.0863,pos_mz_142.0860_05218,142.086
pos,142.0864,pos_mz_142.0860_05218,142.086
pos,142.0865,pos_mz_142.0860_05218,142.086
pos,142.0938,pos_mz_142.0941_05219,142.0941
pos,142.0939,pos_mz_142.0941_05219,142.0941
pos,142.094,pos_mz_142.0941_05219,142.0941
pos,142.0941,pos_mz_142.0941_05219,142.0941
pos,142.0942,pos_mz_142.0941_05219,142.0941
pos,142.0943,pos_mz_142.0941_05219,142.0941
pos,142.122,pos_mz_142.1223_05222,142.1223
pos,142.1221,pos_mz_142.1223_05222,142.1223
pos,142.1222,pos_mz_142.1223_05222,142.1223
pos,142.1223,pos_mz_142.1223_05222,142.1223
pos,142.1224,pos_mz_142.1223_05222,142.1223
pos,142.1225,pos_mz_142.1223_05222,142.1223
pos,142.1226,pos_mz_142.1223_05222,142.1223
pos,142.1227,pos_mz_142.1223_05222,142.1223
pos,142.9316,pos_mz_142.9318_05233,142.9318
pos,142.9317,pos_mz_142.9318_05233,142.9318
pos,142.9318,pos_mz_142.9318_05233,142.9318
pos,142.9319,pos_mz_142.9318_05233,142.9318
pos,142.932,pos_mz_142.9318_05233,142.9318
pos,142.9632,pos_mz_142.9636_05238,142.9636
pos,142.9633,pos_mz_142.9636_05238,142.9636
pos,142.9634,pos_mz_142.9636_05238,142.9636
pos,142.9635,pos_mz_142.9636_05238,142.9636
pos,142.9636,pos_mz_142.9636_05238,142.9636
pos,142.9637,pos_mz_142.9636_05238,142.9636
pos,142.9638,pos_mz_142.9636_05238,142.9636
pos,142.9639,pos_mz_142.9636_05238,142.9636
pos,143.0012,pos_mz_143.0013_05246,143.0013
pos,143.0013,pos_mz_143.0013_05246,143.0013
pos,143.0014,pos_mz_143.0013_05246,143.0013
pos,143.0015,pos_mz_143.0013_05246,143.0013
pos,143.0697,pos_mz_143.0701_05267,143.0701
pos,143.0698,pos_mz_143.0701_05267,143.0701
pos,143.0699,pos_mz_143.0701_05267,143.0701
pos,143.07,pos_mz_143.0701_05267,143.0701
pos,143.0701,pos_mz_143.0701_05267,143.0701
pos,143.0702,pos_mz_143.0701_05267,143.0701
pos,143.0703,pos_mz_143.0701_05267,143.0701
pos,143.106,pos_mz_143.1064_05273,143.1064
pos,143.1062,pos_mz_143.1064_05273,143.1064
pos,143.1063,pos_mz_143.1064_05273,143.1064
pos,143.1064,pos_mz_143.1064_05273,143.1064
pos,143.1065,pos_mz_143.1064_05273,143.1064
pos,143.1066,pos_mz_143.1064_05273,143.1064
pos,143.9472,pos_mz_143.9476_05285,143.9476
pos,143.9473,pos_mz_143.9476_05285,143.9476
pos,143.9474,pos_mz_143.9476_05285,143.9476
pos,143.9475,pos_mz_143.9476_05285,143.9476
pos,143.9476,pos_mz_143.9476_05285,143.9476
pos,143.9477,pos_mz_143.9476_05285,143.9476
pos,143.9478,pos_mz_143.9476_05285,143.9476
pos,143.9628,pos_mz_143.9632_05288,143.9632
pos,143.9629,pos_mz_143.9632_05288,143.9632
pos,143.963,pos_mz_143.9632_05288,143.9632
pos,143.9631,pos_mz_143.9632_05288,143.9632
pos,143.9632,pos_mz_143.9632_05288,143.9632
pos,143.9633,pos_mz_143.9632_05288,143.9632
pos,144.0043,pos_mz_144.0047_05295,144.0047
pos,144.0044,pos_mz_144.0047_05295,144.0047
pos,144.0045,pos_mz_144.0047_05295,144.0047
pos,144.0046,pos_mz_144.0047_05295,144.0047
pos,144.0047,pos_mz_144.0047_05295,144.0047
pos,144.0048,pos_mz_144.0047_05295,144.0047
pos,144.0049,pos_mz_144.0047_05295,144.0047
pos,144.1377,pos_mz_144.1380_05312,144.138
pos,144.1378,pos_mz_144.1380_05312,144.138
pos,144.1379,pos_mz_144.1380_05312,144.138
pos,144.138,pos_mz_144.1380_05312,144.138
pos,144.1381,pos_mz_144.1380_05312,144.138
pos,144.1382,pos_mz_144.1380_05312,144.138
pos,145.0338,pos_mz_145.0343_05334,145.0343
pos,145.034,pos_mz_145.0343_05334,145.0343
pos,145.0341,pos_mz_145.0343_05334,145.0343
pos,145.0342,pos_mz_145.0343_05334,145.0343
pos,145.0343,pos_mz_145.0343_05334,145.0343
pos,145.0344,pos_mz_145.0343_05334,145.0343
pos,145.0345,pos_mz_145.0343_05334,145.0343
pos,145.0854,pos_mz_145.0857_05342,145.0857
pos,145.0855,pos_mz_145.0857_05342,145.0857
pos,145.0856,pos_mz_145.0857_05342,145.0857
pos,145.0857,pos_mz_145.0857_05342,145.0857
pos,145.0858,pos_mz_145.0857_05342,145.0857
pos,145.0859,pos_mz_145.0857_05342,145.0857
pos,145.086,pos_mz_145.0857_05342,145.0857
pos,145.0861,pos_mz_145.0857_05342,145.0857
pos,146.9862,pos_mz_146.9866_05400,146.9866
pos,146.9864,pos_mz_146.9866_05400,146.9866
pos,146.9865,pos_mz_146.9866_05400,146.9866
pos,146.9866,pos_mz_146.9866_05400,146.9866
pos,146.9867,pos_mz_146.9866_05400,146.9866
pos,146.9868,pos_mz_146.9866_05400,146.9866
pos,147.0227,pos_mz_147.0230_05408,147.023
pos,147.0228,pos_mz_147.0230_05408,147.023
pos,147.0229,pos_mz_147.0230_05408,147.023
pos,147.023,pos_mz_147.0230_05408,147.023
pos,147.0231,pos_mz_147.0230_05408,147.023
pos,147.0232,pos_mz_147.0230_05408,147.023
pos,148.0542,pos_mz_148.0545_05456,148.0545
pos,148.0543,pos_mz_148.0545_05456,148.0545
pos,148.0544,pos_mz_148.0545_05456,148.0545
pos,148.0545,pos_mz_148.0545_05456,148.0545
pos,148.0546,pos_mz_148.0545_05456,148.0545
pos,148.9423,pos_mz_148.9427_05471,148.9427
pos,148.9424,pos_mz_148.9427_05471,148.9427
pos,148.9425,pos_mz_148.9427_05471,148.9427
pos,148.9426,pos_mz_148.9427_05471,148.9427
pos,148.9427,pos_mz_148.9427_05471,148.9427
pos,148.9428,pos_mz_148.9427_05471,148.9427
pos,148.9429,pos_mz_148.9427_05471,148.9427
pos,148.9752,pos_mz_148.9755_05477,148.9755
pos,148.9753,pos_mz_148.9755_05477,148.9755
pos,148.9754,pos_mz_148.9755_05477,148.9755
pos,148.9755,pos_mz_148.9755_05477,148.9755
pos,148.9756,pos_mz_148.9755_05477,148.9755
pos,148.9757,pos_mz_148.9755_05477,148.9755
pos,148.9758,pos_mz_148.9755_05477,148.9755
pos,148.9759,pos_mz_148.9755_05477,148.9755
pos,149.0131,pos_mz_149.0134_05485,149.0134
pos,149.0132,pos_mz_149.0134_05485,149.0134
pos,149.0133,pos_mz_149.0134_05485,149.0134
pos,149.0134,pos_mz_149.0134_05485,149.0134
pos,149.0135,pos_mz_149.0134_05485,149.0134
pos,149.0136,pos_mz_149.0134_05485,149.0134
pos,149.0137,pos_mz_149.0134_05485,149.0134
pos,149.0182,pos_mz_149.0186_05488,149.0186
pos,149.0183,pos_mz_149.0186_05488,149.0186
pos,149.0184,pos_mz_149.0186_05488,149.0186
pos,149.0185,pos_mz_149.0186_05488,149.0186
pos,149.0186,pos_mz_149.0186_05488,149.0186
pos,149.0187,pos_mz_149.0186_05488,149.0186
pos,149.0188,pos_mz_149.0186_05488,149.0186
pos,149.0226,pos_mz_149.0231_05492,149.0231
pos,149.0227,pos_mz_149.0231_05492,149.0231
pos,149.0229,pos_mz_149.0231_05492,149.0231
pos,149.023,pos_mz_149.0231_05492,149.0231
pos,149.0231,pos_mz_149.0231_05492,149.0231
pos,149.0232,pos_mz_149.0231_05492,149.0231
pos,149.0233,pos_mz_149.0231_05492,149.0231
pos,149.0382,pos_mz_149.0386_05497,149.0386
pos,149.0384,pos_mz_149.0386_05497,149.0386
pos,149.0385,pos_mz_149.0386_05497,149.0386
pos,149.0386,pos_mz_149.0386_05497,149.0386
pos,149.0387,pos_mz_149.0386_05497,149.0386
pos,149.0388,pos_mz_149.0386_05497,149.0386
pos,149.1167,pos_mz_149.1170_05519,149.117
pos,149.1168,pos_mz_149.1170_05519,149.117
pos,149.1169,pos_mz_149.1170_05519,149.117
pos,149.117,pos_mz_149.1170_05519,149.117
pos,149.1171,pos_mz_149.1170_05519,149.117
pos,149.1172,pos_mz_149.1170_05519,149.117
pos,149.1317,pos_mz_149.1323_05521,149.1323
pos,149.1318,pos_mz_149.1323_05521,149.1323
pos,149.1319,pos_mz_149.1323_05521,149.1323
pos,149.132,pos_mz_149.1323_05521,149.1323
pos,149.1321,pos_mz_149.1323_05521,149.1323
pos,149.1322,pos_mz_149.1323_05521,149.1323
pos,149.1323,pos_mz_149.1323_05521,149.1323
pos,150.0882,pos_mz_150.0887_05552,150.0887
pos,150.0883,pos_mz_150.0887_05552,150.0887
pos,150.0884,pos_mz_150.0887_05552,150.0887
pos,150.0885,pos_mz_150.0887_05552,150.0887
pos,150.0886,pos_mz_150.0887_05552,150.0887
pos,150.0887,pos_mz_150.0887_05552,150.0887
pos,150.0888,pos_mz_150.0887_05552,150.0887
pos,150.9906,pos_mz_150.9910_05575,150.991
pos,150.9908,pos_mz_150.9910_05575,150.991
pos,150.9909,pos_mz_150.9910_05575,150.991
pos,150.991,pos_mz_150.9910_05575,150.991
pos,150.9911,pos_mz_150.9910_05575,150.991
pos,150.9912,pos_mz_150.9910_05575,150.991
pos,151.0174,pos_mz_151.0179_05581,151.0179
pos,151.0176,pos_mz_151.0179_05581,151.0179
pos,151.0177,pos_mz_151.0179_05581,151.0179
pos,151.0178,pos_mz_151.0179_05581,151.0179
pos,151.0179,pos_mz_151.0179_05581,151.0179
pos,151.018,pos_mz_151.0179_05581,151.0179
pos,151.0181,pos_mz_151.0179_05581,151.0179
pos,151.0747,pos_mz_151.0751_05604,151.0751
pos,151.0748,pos_mz_151.0751_05604,151.0751
pos,151.0749,pos_mz_151.0751_05604,151.0751
pos,151.075,pos_mz_151.0751_05604,151.0751
pos,151.0751,pos_mz_151.0751_05604,151.0751
pos,151.0752,pos_mz_151.0751_05604,151.0751
pos,151.0753,pos_mz_151.0751_05604,151.0751
pos,151.0754,pos_mz_151.0751_05604,151.0751
pos,151.1112,pos_mz_151.1114_05614,151.1114
pos,151.1113,pos_mz_151.1114_05614,151.1114
pos,151.1114,pos_mz_151.1114_05614,151.1114
pos,151.1115,pos_mz_151.1114_05614,151.1114
pos,151.1116,pos_mz_151.1114_05614,151.1114
pos,151.1117,pos_mz_151.1114_05614,151.1114
pos,151.1475,pos_mz_151.1477_05619,151.1477
pos,151.1476,pos_mz_151.1477_05619,151.1477
pos,151.1477,pos_mz_151.1477_05619,151.1477
pos,151.1478,pos_mz_151.1477_05619,151.1477
pos,151.1479,pos_mz_151.1477_05619,151.1477
pos,151.148,pos_mz_151.1477_05619,151.1477
pos,151.1481,pos_mz_151.1477_05619,151.1477
pos,151.1482,pos_mz_151.1477_05619,151.1477
pos,152.1274,pos_mz_152.1279_05658,152.1279
pos,152.1275,pos_mz_152.1279_05658,152.1279
pos,152.1276,pos_mz_152.1279_05658,152.1279
pos,152.1277,pos_mz_152.1279_05658,152.1279
pos,152.1278,pos_mz_152.1279_05658,152.1279
pos,152.1279,pos_mz_152.1279_05658,152.1279
pos,152.128,pos_mz_152.1279_05658,152.1279
pos,152.1281,pos_mz_152.1279_05658,152.1279
pos,152.9971,pos_mz_152.9971_05677,152.9971
pos,152.9972,pos_mz_152.9971_05677,152.9971
pos,152.9973,pos_mz_152.9971_05677,152.9971
pos,152.9974,pos_mz_152.9971_05677,152.9971
pos,153.0904,pos_mz_153.0906_05705,153.0906
pos,153.0905,pos_mz_153.0906_05705,153.0906
pos,153.0906,pos_mz_153.0906_05705,153.0906
pos,153.0907,pos_mz_153.0906_05705,153.0906
pos,153.0908,pos_mz_153.0906_05705,153.0906
pos,153.0909,pos_mz_153.0906_05705,153.0906
pos,153.1268,pos_mz_153.1271_05711,153.1271
pos,153.1269,pos_mz_153.1271_05711,153.1271
pos,153.127,pos_mz_153.1271_05711,153.1271
pos,153.1271,pos_mz_153.1271_05711,153.1271
pos,153.1272,pos_mz_153.1271_05711,153.1271
pos,153.1273,pos_mz_153.1271_05711,153.1271
pos,155.0308,pos_mz_155.0313_05768,155.0313
pos,155.031,pos_mz_155.0313_05768,155.0313
pos,155.0311,pos_mz_155.0313_05768,155.0313
pos,155.0312,pos_mz_155.0313_05768,155.0313
pos,155.0313,pos_mz_155.0313_05768,155.0313
pos,155.0314,pos_mz_155.0313_05768,155.0313
pos,155.0315,pos_mz_155.0313_05768,155.0313
pos,155.0697,pos_mz_155.0699_05777,155.0699
pos,155.0698,pos_mz_155.0699_05777,155.0699
pos,155.0699,pos_mz_155.0699_05777,155.0699
pos,155.07,pos_mz_155.0699_05777,155.0699
pos,155.0701,pos_mz_155.0699_05777,155.0699
pos,155.0702,pos_mz_155.0699_05777,155.0699
pos,155.0703,pos_mz_155.0699_05777,155.0699
pos,155.106,pos_mz_155.1063_05784,155.1063
pos,155.1061,pos_mz_155.1063_05784,155.1063
pos,155.1062,pos_mz_155.1063_05784,155.1063
pos,155.1063,pos_mz_155.1063_05784,155.1063
pos,155.1064,pos_mz_155.1063_05784,155.1063
pos,155.1065,pos_mz_155.1063_05784,155.1063
pos,155.1066,pos_mz_155.1063_05784,155.1063
pos,155.9897,pos_mz_155.9901_05806,155.9901
pos,155.99,pos_mz_155.9901_05806,155.9901
pos,155.9901,pos_mz_155.9901_05806,155.9901
pos,155.9902,pos_mz_155.9901_05806,155.9901
pos,155.9903,pos_mz_155.9901_05806,155.9901
pos,156.9739,pos_mz_156.9742_05865,156.9742
pos,156.974,pos_mz_156.9742_05865,156.9742
pos,156.9741,pos_mz_156.9742_05865,156.9742
pos,156.9742,pos_mz_156.9742_05865,156.9742
pos,156.9743,pos_mz_156.9742_05865,156.9742
pos,157.0166,pos_mz_157.0169_05878,157.0169
pos,157.0167,pos_mz_157.0169_05878,157.0169
pos,157.0168,pos_mz_157.0169_05878,157.0169
pos,157.0169,pos_mz_157.0169_05878,157.0169
pos,157.017,pos_mz_157.0169_05878,157.0169
pos,157.0171,pos_mz_157.0169_05878,157.0169
pos,157.0172,pos_mz_157.0169_05878,157.0169
pos,157.0173,pos_mz_157.0169_05878,157.0169
pos,157.0488,pos_mz_157.0494_05891,157.0494
pos,157.0489,pos_mz_157.0494_05891,157.0494
pos,157.049,pos_mz_157.0494_05891,157.0494
pos,157.0491,pos_mz_157.0494_05891,157.0494
pos,157.0492,pos_mz_157.0494_05891,157.0494
pos,157.0493,pos_mz_157.0494_05891,157.0494
pos,157.0494,pos_mz_157.0494_05891,157.0494
pos,157.083,pos_mz_157.0834_05896,157.0834
pos,157.0831,pos_mz_157.0834_05896,157.0834
pos,157.0832,pos_mz_157.0834_05896,157.0834
pos,157.0833,pos_mz_157.0834_05896,157.0834
pos,157.0834,pos_mz_157.0834_05896,157.0834
pos,157.0835,pos_mz_157.0834_05896,157.0834
pos,158.0117,pos_mz_158.0122_05936,158.0122
pos,158.0118,pos_mz_158.0122_05936,158.0122
pos,158.0119,pos_mz_158.0122_05936,158.0122
pos,158.012,pos_mz_158.0122_05936,158.0122
pos,158.0121,pos_mz_158.0122_05936,158.0122
pos,158.0122,pos_mz_158.0122_05936,158.0122
pos,158.0123,pos_mz_158.0122_05936,158.0122
pos,158.0124,pos_mz_158.0122_05936,158.0122
pos,158.1168,pos_mz_158.1172_05966,158.1172
pos,158.1169,pos_mz_158.1172_05966,158.1172
pos,158.117,pos_mz_158.1172_05966,158.1172
pos,158.1171,pos_mz_158.1172_05966,158.1172
pos,158.1172,pos_mz_158.1172_05966,158.1172
pos,158.1173,pos_mz_158.1172_05966,158.1172
pos,158.1174,pos_mz_158.1172_05966,158.1172
pos,158.9693,pos_mz_158.9697_05996,158.9697
pos,158.9694,pos_mz_158.9697_05996,158.9697
pos,158.9695,pos_mz_158.9697_05996,158.9697
pos,158.9696,pos_mz_158.9697_05996,158.9697
pos,158.9697,pos_mz_158.9697_05996,158.9697
pos,158.9698,pos_mz_158.9697_05996,158.9697
pos,158.9699,pos_mz_158.9697_05996,158.9697
pos,158.97,pos_mz_158.9697_05996,158.9697
pos,158.9733,pos_mz_158.9736_05999,158.9736
pos,158.9734,pos_mz_158.9736_05999,158.9736
pos,158.9735,pos_mz_158.9736_05999,158.9736
pos,158.9736,pos_mz_158.9736_05999,158.9736
pos,158.9737,pos_mz_158.9736_05999,158.9736
pos,158.9738,pos_mz_158.9736_05999,158.9736
pos,159.099,pos_mz_159.0995_06030,159.0995
pos,159.0991,pos_mz_159.0995_06030,159.0995
pos,159.0992,pos_mz_159.0995_06030,159.0995
pos,159.0993,pos_mz_159.0995_06030,159.0995
pos,159.0994,pos_mz_159.0995_06030,159.0995
pos,159.0995,pos_mz_159.0995_06030,159.0995
pos,159.0996,pos_mz_159.0995_06030,159.0995
pos,159.1161,pos_mz_159.1166_06037,159.1166
pos,159.1162,pos_mz_159.1166_06037,159.1166
pos,159.1163,pos_mz_159.1166_06037,159.1166
pos,159.1164,pos_mz_159.1166_06037,159.1166
pos,159.1165,pos_mz_159.1166_06037,159.1166
pos,159.1166,pos_mz_159.1166_06037,159.1166
pos,160.9748,pos_mz_160.9755_06099,160.9755
pos,160.9751,pos_mz_160.9755_06099,160.9755
pos,160.9752,pos_mz_160.9755_06099,160.9755
pos,160.9753,pos_mz_160.9755_06099,160.9755
pos,160.9754,pos_mz_160.9755_06099,160.9755
pos,160.9755,pos_mz_160.9755_06099,160.9755
pos,160.9756,pos_mz_160.9755_06099,160.9755
pos,161.0113,pos_mz_161.0118_06111,161.0118
pos,161.0114,pos_mz_161.0118_06111,161.0118
pos,161.0115,pos_mz_161.0118_06111,161.0118
pos,161.0116,pos_mz_161.0118_06111,161.0118
pos,161.0117,pos_mz_161.0118_06111,161.0118
pos,161.0118,pos_mz_161.0118_06111,161.0118
pos,161.0119,pos_mz_161.0118_06111,161.0118
pos,161.012,pos_mz_161.0118_06111,161.0118
pos,161.0121,pos_mz_161.0118_06111,161.0118
pos,161.0381,pos_mz_161.0384_06117,161.0384
pos,161.0382,pos_mz_161.0384_06117,161.0384
pos,161.0383,pos_mz_161.0384_06117,161.0384
pos,161.0384,pos_mz_161.0384_06117,161.0384
pos,161.0385,pos_mz_161.0384_06117,161.0384
pos,161.0386,pos_mz_161.0384_06117,161.0384
pos,161.0387,pos_mz_161.0384_06117,161.0384
pos,161.0388,pos_mz_161.0384_06117,161.0384
pos,162.0575,pos_mz_162.0580_06166,162.058
pos,162.0576,pos_mz_162.0580_06166,162.058
pos,162.0577,pos_mz_162.0580_06166,162.058
pos,162.0578,pos_mz_162.0580_06166,162.058
pos,162.0579,pos_mz_162.0580_06166,162.058
pos,162.058,pos_mz_162.0580_06166,162.058
pos,162.0581,pos_mz_162.0580_06166,162.058
pos,163.0173,pos_mz_163.0178_06202,163.0178
pos,163.0175,pos_mz_163.0178_06202,163.0178
pos,163.0176,pos_mz_163.0178_06202,163.0178
pos,163.0177,pos_mz_163.0178_06202,163.0178
pos,163.0178,pos_mz_163.0178_06202,163.0178
pos,163.0179,pos_mz_163.0178_06202,163.0178
pos,163.018,pos_mz_163.0178_06202,163.0178
pos,163.0181,pos_mz_163.0178_06202,163.0178
pos,163.0537,pos_mz_163.0541_06217,163.0541
pos,163.0538,pos_mz_163.0541_06217,163.0541
pos,163.0539,pos_mz_163.0541_06217,163.0541
pos,163.054,pos_mz_163.0541_06217,163.0541
pos,163.0541,pos_mz_163.0541_06217,163.0541
pos,163.0542,pos_mz_163.0541_06217,163.0541
pos,163.0543,pos_mz_163.0541_06217,163.0541
pos,163.0544,pos_mz_163.0541_06217,163.0541
pos,163.0545,pos_mz_163.0541_06217,163.0541
pos,163.0749,pos_mz_163.0751_06228,163.0751
pos,163.075,pos_mz_163.0751_06228,163.0751
pos,163.0751,pos_mz_163.0751_06228,163.0751
pos,163.0752,pos_mz_163.0751_06228,163.0751
pos,163.0861,pos_mz_163.0862_06233,163.0862
pos,163.0862,pos_mz_163.0862_06233,163.0862
pos,163.0863,pos_mz_163.0862_06233,163.0862
pos,163.0864,pos_mz_163.0862_06233,163.0862
pos,163.0865,pos_mz_163.0862_06233,163.0862
pos,163.0866,pos_mz_163.0862_06233,163.0862
pos,163.0868,pos_mz_163.0862_06233,163.0862
pos,163.1319,pos_mz_163.1326_06244,163.1326
pos,163.132,pos_mz_163.1326_06244,163.1326
pos,163.1322,pos_mz_163.1326_06244,163.1326
pos,163.1323,pos_mz_163.1326_06244,163.1326
pos,163.1324,pos_mz_163.1326_06244,163.1326
pos,163.1325,pos_mz_163.1326_06244,163.1326
pos,163.1326,pos_mz_163.1326_06244,163.1326
pos,163.1327,pos_mz_163.1326_06244,163.1326
pos,163.1473,pos_mz_163.1477_06247,163.1477
pos,163.1474,pos_mz_163.1477_06247,163.1477
pos,163.1475,pos_mz_163.1477_06247,163.1477
pos,163.1476,pos_mz_163.1477_06247,163.1477
pos,163.1477,pos_mz_163.1477_06247,163.1477
pos,163.1478,pos_mz_163.1477_06247,163.1477
pos,163.1479,pos_mz_163.1477_06247,163.1477
pos,164.0125,pos_mz_164.0129_06260,164.0129
pos,164.0126,pos_mz_164.0129_06260,164.0129
pos,164.0127,pos_mz_164.0129_06260,164.0129
pos,164.0128,pos_mz_164.0129_06260,164.0129
pos,164.0129,pos_mz_164.0129_06260,164.0129
pos,164.013,pos_mz_164.0129_06260,164.0129
pos,164.0131,pos_mz_164.0129_06260,164.0129
pos,164.0132,pos_mz_164.0129_06260,164.0129
pos,164.0133,pos_mz_164.0129_06260,164.0129
pos,164.997,pos_mz_164.9973_06308,164.9973
pos,164.9971,pos_mz_164.9973_06308,164.9973
pos,164.9972,pos_mz_164.9973_06308,164.9973
pos,164.9973,pos_mz_164.9973_06308,164.9973
pos,164.9974,pos_mz_164.9973_06308,164.9973
pos,165.0538,pos_mz_165.0543_06325,165.0543
pos,165.0539,pos_mz_165.0543_06325,165.0543
pos,165.054,pos_mz_165.0543_06325,165.0543
pos,165.0541,pos_mz_165.0543_06325,165.0543
pos,165.0542,pos_mz_165.0543_06325,165.0543
pos,165.0543,pos_mz_165.0543_06325,165.0543
pos,165.0544,pos_mz_165.0543_06325,165.0543
pos,165.0545,pos_mz_165.0543_06325,165.0543
pos,165.0546,pos_mz_165.0543_06325,165.0543
pos,165.1266,pos_mz_165.1269_06343,165.1269
pos,165.1267,pos_mz_165.1269_06343,165.1269
pos,165.1268,pos_mz_165.1269_06343,165.1269
pos,165.1269,pos_mz_165.1269_06343,165.1269
pos,165.127,pos_mz_165.1269_06343,165.1269
pos,165.1271,pos_mz_165.1269_06343,165.1269
pos,165.1272,pos_mz_165.1269_06343,165.1269
pos,165.1273,pos_mz_165.1269_06343,165.1269
pos,165.1629,pos_mz_165.1634_06346,165.1634
pos,165.163,pos_mz_165.1634_06346,165.1634
pos,165.1631,pos_mz_165.1634_06346,165.1634
pos,165.1632,pos_mz_165.1634_06346,165.1634
pos,165.1633,pos_mz_165.1634_06346,165.1634
pos,165.1634,pos_mz_165.1634_06346,165.1634
pos,165.1635,pos_mz_165.1634_06346,165.1634
pos,165.1636,pos_mz_165.1634_06346,165.1634
pos,165.968,pos_mz_165.9682_06367,165.9682
pos,165.9681,pos_mz_165.9682_06367,165.9682
pos,165.9682,pos_mz_165.9682_06367,165.9682
pos,165.9683,pos_mz_165.9682_06367,165.9682
pos,165.9684,pos_mz_165.9682_06367,165.9682
pos,165.9685,pos_mz_165.9682_06367,165.9682
pos,165.9686,pos_mz_165.9682_06367,165.9682
pos,165.9687,pos_mz_165.9682_06367,165.9682
pos,166.9673,pos_mz_166.9679_06411,166.9679
pos,166.9674,pos_mz_166.9679_06411,166.9679
pos,166.9675,pos_mz_166.9679_06411,166.9679
pos,166.9676,pos_mz_166.9679_06411,166.9679
pos,166.9677,pos_mz_166.9679_06411,166.9679
pos,166.9678,pos_mz_166.9679_06411,166.9679
pos,166.9679,pos_mz_166.9679_06411,166.9679
pos,166.968,pos_mz_166.9679_06411,166.9679
pos,166.9704,pos_mz_166.9707_06413,166.9707
pos,166.9705,pos_mz_166.9707_06413,166.9707
pos,166.9706,pos_mz_166.9707_06413,166.9707
pos,166.9707,pos_mz_166.9707_06413,166.9707
pos,166.9708,pos_mz_166.9707_06413,166.9707
pos,166.9709,pos_mz_166.9707_06413,166.9707
pos,166.971,pos_mz_166.9707_06413,166.9707
pos,167.0698,pos_mz_167.0700_06438,167.07
pos,167.0699,pos_mz_167.0700_06438,167.07
pos,167.07,pos_mz_167.0700_06438,167.07
pos,167.0701,pos_mz_167.0700_06438,167.07
pos,167.0702,pos_mz_167.0700_06438,167.07
pos,167.0703,pos_mz_167.0700_06438,167.07
pos,167.0704,pos_mz_167.0700_06438,167.07
pos,167.0705,pos_mz_167.0700_06438,167.07
pos,167.1035,pos_mz_167.1040_06445,167.104
pos,167.1036,pos_mz_167.1040_06445,167.104
pos,167.1037,pos_mz_167.1040_06445,167.104
pos,167.1038,pos_mz_167.1040_06445,167.104
pos,167.1039,pos_mz_167.1040_06445,167.104
pos,167.104,pos_mz_167.1040_06445,167.104
pos,167.1041,pos_mz_167.1040_06445,167.104
pos,167.1042,pos_mz_167.1040_06445,167.104
pos,167.1043,pos_mz_167.1040_06445,167.104
pos,168.9641,pos_mz_168.9645_06500,168.9645
pos,168.9642,pos_mz_168.9645_06500,168.9645
pos,168.9643,pos_mz_168.9645_06500,168.9645
pos,168.9644,pos_mz_168.9645_06500,168.9645
pos,168.9645,pos_mz_168.9645_06500,168.9645
pos,168.9646,pos_mz_168.9645_06500,168.9645
pos,168.9647,pos_mz_168.9645_06500,168.9645
pos,168.9648,pos_mz_168.9645_06500,168.9645
pos,168.9649,pos_mz_168.9645_06500,168.9645
pos,169.0854,pos_mz_169.0855_06523,169.0855
pos,169.0855,pos_mz_169.0855_06523,169.0855
pos,169.0856,pos_mz_169.0855_06523,169.0855
pos,169.0857,pos_mz_169.0855_06523,169.0855
pos,169.0858,pos_mz_169.0855_06523,169.0855
pos,169.0859,pos_mz_169.0855_06523,169.0855
pos,169.0861,pos_mz_169.0855_06523,169.0855
pos,169.1214,pos_mz_169.1220_06532,169.122
pos,169.1215,pos_mz_169.1220_06532,169.122
pos,169.1217,pos_mz_169.1220_06532,169.122
pos,169.1218,pos_mz_169.1220_06532,169.122
pos,169.1219,pos_mz_169.1220_06532,169.122
pos,169.122,pos_mz_169.1220_06532,169.122
pos,169.1221,pos_mz_169.1220_06532,169.122
pos,169.1222,pos_mz_169.1220_06532,169.122
pos,170.9628,pos_mz_170.9635_06597,170.9635
pos,170.963,pos_mz_170.9635_06597,170.9635
pos,170.9631,pos_mz_170.9635_06597,170.9635
pos,170.9632,pos_mz_170.9635_06597,170.9635
pos,170.9633,pos_mz_170.9635_06597,170.9635
pos,170.9634,pos_mz_170.9635_06597,170.9635
pos,170.9635,pos_mz_170.9635_06597,170.9635
pos,171.0988,pos_mz_171.0990_06623,171.099
pos,171.0989,pos_mz_171.0990_06623,171.099
pos,171.099,pos_mz_171.0990_06623,171.099
pos,171.0991,pos_mz_171.0990_06623,171.099
pos,171.1007,pos_mz_171.1012_06625,171.1012
pos,171.1008,pos_mz_171.1012_06625,171.1012
pos,171.1009,pos_mz_171.1012_06625,171.1012
pos,171.101,pos_mz_171.1012_06625,171.1012
pos,171.1011,pos_mz_171.1012_06625,171.1012
pos,171.1012,pos_mz_171.1012_06625,171.1012
pos,171.1013,pos_mz_171.1012_06625,171.1012
pos,171.1014,pos_mz_171.1012_06625,171.1012
pos,171.1015,pos_mz_171.1012_06625,171.1012
pos,171.137,pos_mz_171.1377_06634,171.1377
pos,171.1371,pos_mz_171.1377_06634,171.1377
pos,171.1372,pos_mz_171.1377_06634,171.1377
pos,171.1373,pos_mz_171.1377_06634,171.1377
pos,171.1374,pos_mz_171.1377_06634,171.1377
pos,171.1375,pos_mz_171.1377_06634,171.1377
pos,171.1376,pos_mz_171.1377_06634,171.1377
pos,171.1377,pos_mz_171.1377_06634,171.1377
pos,171.1378,pos_mz_171.1377_06634,171.1377
pos,171.1488,pos_mz_171.1489_06639,171.1489
pos,171.1489,pos_mz_171.1489_06639,171.1489
pos,171.149,pos_mz_171.1489_06639,171.1489
pos,171.1491,pos_mz_171.1489_06639,171.1489
pos,172.1687,pos_mz_172.1692_06694,172.1692
pos,172.1688,pos_mz_172.1692_06694,172.1692
pos,172.1689,pos_mz_172.1692_06694,172.1692
pos,172.169,pos_mz_172.1692_06694,172.1692
pos,172.1691,pos_mz_172.1692_06694,172.1692
pos,172.1692,pos_mz_172.1692_06694,172.1692
pos,172.1693,pos_mz_172.1692_06694,172.1692
pos,173.0114,pos_mz_173.0119_06729,173.0119
pos,173.0115,pos_mz_173.0119_06729,173.0119
pos,173.0116,pos_mz_173.0119_06729,173.0119
pos,173.0117,pos_mz_173.0119_06729,173.0119
pos,173.0118,pos_mz_173.0119_06729,173.0119
pos,173.0119,pos_mz_173.0119_06729,173.0119
pos,173.012,pos_mz_173.0119_06729,173.0119
pos,173.0803,pos_mz_173.0805_06747,173.0805
pos,173.0804,pos_mz_173.0805_06747,173.0805
pos,173.0805,pos_mz_173.0805_06747,173.0805
pos,173.0806,pos_mz_173.0805_06747,173.0805
pos,173.0807,pos_mz_173.0805_06747,173.0805
pos,173.0808,pos_mz_173.0805_06747,173.0805
pos,173.1528,pos_mz_173.1531_06766,173.1531
pos,173.1529,pos_mz_173.1531_06766,173.1531
pos,173.153,pos_mz_173.1531_06766,173.1531
pos,173.1531,pos_mz_173.1531_06766,173.1531
pos,173.1532,pos_mz_173.1531_06766,173.1531
pos,173.1533,pos_mz_173.1531_06766,173.1531
pos,173.1534,pos_mz_173.1531_06766,173.1531
pos,174.1117,pos_mz_174.1121_06820,174.1121
pos,174.1118,pos_mz_174.1121_06820,174.1121
pos,174.1119,pos_mz_174.1121_06820,174.1121
pos,174.112,pos_mz_174.1121_06820,174.1121
pos,174.1121,pos_mz_174.1121_06820,174.1121
pos,174.1122,pos_mz_174.1121_06820,174.1121
pos,174.1123,pos_mz_174.1121_06820,174.1121
pos,174.1124,pos_mz_174.1121_06820,174.1121
pos,174.1125,pos_mz_174.1121_06820,174.1121
pos,174.1273,pos_mz_174.1274_06823,174.1274
pos,174.1274,pos_mz_174.1274_06823,174.1274
pos,174.1275,pos_mz_174.1274_06823,174.1274
pos,174.1276,pos_mz_174.1274_06823,174.1274
pos,174.1277,pos_mz_174.1274_06823,174.1274
pos,174.1278,pos_mz_174.1274_06823,174.1274
pos,174.9845,pos_mz_174.9847_06853,174.9847
pos,174.9846,pos_mz_174.9847_06853,174.9847
pos,174.9847,pos_mz_174.9847_06853,174.9847
pos,174.9848,pos_mz_174.9847_06853,174.9847
pos,174.9849,pos_mz_174.9847_06853,174.9847
pos,175.0175,pos_mz_175.0179_06868,175.0179
pos,175.0176,pos_mz_175.0179_06868,175.0179
pos,175.0177,pos_mz_175.0179_06868,175.0179
pos,175.0178,pos_mz_175.0179_06868,175.0179
pos,175.0179,pos_mz_175.0179_06868,175.0179
pos,175.018,pos_mz_175.0179_06868,175.0179
pos,175.1108,pos_mz_175.1113_06895,175.1113
pos,175.1109,pos_mz_175.1113_06895,175.1113
pos,175.111,pos_mz_175.1113_06895,175.1113
pos,175.1111,pos_mz_175.1113_06895,175.1113
pos,175.1112,pos_mz_175.1113_06895,175.1113
pos,175.1113,pos_mz_175.1113_06895,175.1113
pos,175.1114,pos_mz_175.1113_06895,175.1113
pos,175.1115,pos_mz_175.1113_06895,175.1113
pos,175.1116,pos_mz_175.1113_06895,175.1113
pos,175.1301,pos_mz_175.1307_06903,175.1307
pos,175.1302,pos_mz_175.1307_06903,175.1307
pos,175.1303,pos_mz_175.1307_06903,175.1307
pos,175.1304,pos_mz_175.1307_06903,175.1307
pos,175.1305,pos_mz_175.1307_06903,175.1307
pos,175.1306,pos_mz_175.1307_06903,175.1307
pos,175.1307,pos_mz_175.1307_06903,175.1307
pos,175.1308,pos_mz_175.1307_06903,175.1307
pos,175.9838,pos_mz_175.9841_06924,175.9841
pos,175.9839,pos_mz_175.9841_06924,175.9841
pos,175.984,pos_mz_175.9841_06924,175.9841
pos,175.9841,pos_mz_175.9841_06924,175.9841
pos,175.9842,pos_mz_175.9841_06924,175.9841
pos,175.9843,pos_mz_175.9841_06924,175.9841
pos,176.9802,pos_mz_176.9802_06999,176.9802
pos,176.9803,pos_mz_176.9802_06999,176.9802
pos,176.9804,pos_mz_176.9802_06999,176.9802
pos,176.9805,pos_mz_176.9802_06999,176.9802
pos,177.0332,pos_mz_177.0336_07022,177.0336
pos,177.0333,pos_mz_177.0336_07022,177.0336
pos,177.0334,pos_mz_177.0336_07022,177.0336
pos,177.0335,pos_mz_177.0336_07022,177.0336
pos,177.0336,pos_mz_177.0336_07022,177.0336
pos,177.0337,pos_mz_177.0336_07022,177.0336
pos,177.0539,pos_mz_177.0542_07032,177.0542
pos,177.054,pos_mz_177.0542_07032,177.0542
pos,177.0541,pos_mz_177.0542_07032,177.0542
pos,177.0542,pos_mz_177.0542_07032,177.0542
pos,177.0543,pos_mz_177.0542_07032,177.0542
pos,177.0544,pos_mz_177.0542_07032,177.0542
pos,177.0545,pos_mz_177.0542_07032,177.0542
pos,177.0546,pos_mz_177.0542_07032,177.0542
pos,177.0695,pos_mz_177.0699_07037,177.0699
pos,177.0696,pos_mz_177.0699_07037,177.0699
pos,177.0697,pos_mz_177.0699_07037,177.0699
pos,177.0698,pos_mz_177.0699_07037,177.0699
pos,177.0699,pos_mz_177.0699_07037,177.0699
pos,177.07,pos_mz_177.0699_07037,177.0699
pos,177.0701,pos_mz_177.0699_07037,177.0699
pos,177.1265,pos_mz_177.1269_07059,177.1269
pos,177.1266,pos_mz_177.1269_07059,177.1269
pos,177.1267,pos_mz_177.1269_07059,177.1269
pos,177.1268,pos_mz_177.1269_07059,177.1269
pos,177.1269,pos_mz_177.1269_07059,177.1269
pos,177.127,pos_mz_177.1269_07059,177.1269
pos,177.1271,pos_mz_177.1269_07059,177.1269
pos,177.1272,pos_mz_177.1269_07059,177.1269
pos,177.1273,pos_mz_177.1269_07059,177.1269
pos,177.1631,pos_mz_177.1634_07069,177.1634
pos,177.1632,pos_mz_177.1634_07069,177.1634
pos,177.1633,pos_mz_177.1634_07069,177.1634
pos,177.1634,pos_mz_177.1634_07069,177.1634
pos,177.1635,pos_mz_177.1634_07069,177.1634
pos,177.1636,pos_mz_177.1634_07069,177.1634
pos,178.0346,pos_mz_178.0352_07106,178.0352
pos,178.0347,pos_mz_178.0352_07106,178.0352
pos,178.0348,pos_mz_178.0352_07106,178.0352
pos,178.0349,pos_mz_178.0352_07106,178.0352
pos,178.035,pos_mz_178.0352_07106,178.0352
pos,178.0351,pos_mz_178.0352_07106,178.0352
pos,178.0352,pos_mz_178.0352_07106,178.0352
pos,179.0008,pos_mz_179.0009_07165,179.0009
pos,179.0009,pos_mz_179.0009_07165,179.0009
pos,179.001,pos_mz_179.0009_07165,179.0009
pos,179.0011,pos_mz_179.0009_07165,179.0009
pos,179.0012,pos_mz_179.0009_07165,179.0009
pos,179.0013,pos_mz_179.0009_07165,179.0009
pos,179.0014,pos_mz_179.0009_07165,179.0009
pos,179.0015,pos_mz_179.0009_07165,179.0009
pos,179.0379,pos_mz_179.0383_07182,179.0383
pos,179.038,pos_mz_179.0383_07182,179.0383
pos,179.0381,pos_mz_179.0383_07182,179.0383
pos,179.0382,pos_mz_179.0383_07182,179.0383
pos,179.0383,pos_mz_179.0383_07182,179.0383
pos,179.0384,pos_mz_179.0383_07182,179.0383
pos,179.0385,pos_mz_179.0383_07182,179.0383
pos,179.0386,pos_mz_179.0383_07182,179.0383
pos,179.1037,pos_mz_179.1040_07206,179.104
pos,179.1038,pos_mz_179.1040_07206,179.104
pos,179.1039,pos_mz_179.1040_07206,179.104
pos,179.104,pos_mz_179.1040_07206,179.104
pos,179.1041,pos_mz_179.1040_07206,179.104
pos,179.1042,pos_mz_179.1040_07206,179.104
pos,179.1043,pos_mz_179.1040_07206,179.104
pos,179.1044,pos_mz_179.1040_07206,179.104
pos,181.1193,pos_mz_181.1194_07343,181.1194
pos,181.1194,pos_mz_181.1194_07343,181.1194
pos,181.1195,pos_mz_181.1194_07343,181.1194
pos,181.1196,pos_mz_181.1194_07343,181.1194
pos,181.1197,pos_mz_181.1194_07343,181.1194
pos,181.1198,pos_mz_181.1194_07343,181.1194
pos,181.1199,pos_mz_181.1194_07343,181.1194
pos,181.12,pos_mz_181.1194_07343,181.1194
pos,181.1212,pos_mz_181.1220_07344,181.122
pos,181.1213,pos_mz_181.1220_07344,181.122
pos,181.1214,pos_mz_181.1220_07344,181.122
pos,181.1216,pos_mz_181.1220_07344,181.122
pos,181.1217,pos_mz_181.1220_07344,181.122
pos,181.1218,pos_mz_181.1220_07344,181.122
pos,181.1219,pos_mz_181.1220_07344,181.122
pos,181.122,pos_mz_181.1220_07344,181.122
pos,181.1221,pos_mz_181.1220_07344,181.122
pos,182.9012,pos_mz_182.9019_07398,182.9019
pos,182.9013,pos_mz_182.9019_07398,182.9019
pos,182.9014,pos_mz_182.9019_07398,182.9019
pos,182.9016,pos_mz_182.9019_07398,182.9019
pos,182.9017,pos_mz_182.9019_07398,182.9019
pos,182.9018,pos_mz_182.9019_07398,182.9019
pos,182.9019,pos_mz_182.9019_07398,182.9019
pos,182.902,pos_mz_182.9019_07398,182.9019
pos,182.9021,pos_mz_182.9019_07398,182.9019
pos,183.0221,pos_mz_183.0228_07416,183.0228
pos,183.0222,pos_mz_183.0228_07416,183.0228
pos,183.0223,pos_mz_183.0228_07416,183.0228
pos,183.0224,pos_mz_183.0228_07416,183.0228
pos,183.0225,pos_mz_183.0228_07416,183.0228
pos,183.0226,pos_mz_183.0228_07416,183.0228
pos,183.0227,pos_mz_183.0228_07416,183.0228
pos,183.0228,pos_mz_183.0228_07416,183.0228
pos,183.0229,pos_mz_183.0228_07416,183.0228
pos,183.023,pos_mz_183.0228_07416,183.0228
pos,183.1005,pos_mz_183.1011_07441,183.1011
pos,183.1006,pos_mz_183.1011_07441,183.1011
pos,183.1007,pos_mz_183.1011_07441,183.1011
pos,183.1008,pos_mz_183.1011_07441,183.1011
pos,183.1009,pos_mz_183.1011_07441,183.1011
pos,183.101,pos_mz_183.1011_07441,183.1011
pos,183.1011,pos_mz_183.1011_07441,183.1011
pos,183.1012,pos_mz_183.1011_07441,183.1011
pos,183.1013,pos_mz_183.1011_07441,183.1011
pos,183.1014,pos_mz_183.1011_07441,183.1011
pos,183.1346,pos_mz_183.1351_07445,183.1351
pos,183.1347,pos_mz_183.1351_07445,183.1351
pos,183.1348,pos_mz_183.1351_07445,183.1351
pos,183.1349,pos_mz_183.1351_07445,183.1351
pos,183.135,pos_mz_183.1351_07445,183.1351
pos,183.1351,pos_mz_183.1351_07445,183.1351
pos,183.1352,pos_mz_183.1351_07445,183.1351
pos,183.1353,pos_mz_183.1351_07445,183.1351
pos,183.1354,pos_mz_183.1351_07445,183.1351
pos,183.1355,pos_mz_183.1351_07445,183.1351
pos,183.9782,pos_mz_183.9786_07462,183.9786
pos,183.9783,pos_mz_183.9786_07462,183.9786
pos,183.9784,pos_mz_183.9786_07462,183.9786
pos,183.9785,pos_mz_183.9786_07462,183.9786
pos,183.9786,pos_mz_183.9786_07462,183.9786
pos,183.9787,pos_mz_183.9786_07462,183.9786
pos,183.9788,pos_mz_183.9786_07462,183.9786
pos,183.9789,pos_mz_183.9786_07462,183.9786
pos,183.9842,pos_mz_183.9846_07464,183.9846
pos,183.9843,pos_mz_183.9846_07464,183.9846
pos,183.9844,pos_mz_183.9846_07464,183.9846
pos,183.9845,pos_mz_183.9846_07464,183.9846
pos,183.9846,pos_mz_183.9846_07464,183.9846
pos,183.9847,pos_mz_183.9846_07464,183.9846
pos,183.9848,pos_mz_183.9846_07464,183.9846
pos,183.9849,pos_mz_183.9846_07464,183.9846
pos,183.985,pos_mz_183.9846_07464,183.9846
pos,183.9851,pos_mz_183.9846_07464,183.9846
pos,184.9686,pos_mz_184.9690_07517,184.969
pos,184.9687,pos_mz_184.9690_07517,184.969
pos,184.9688,pos_mz_184.9690_07517,184.969
pos,184.9689,pos_mz_184.9690_07517,184.969
pos,184.969,pos_mz_184.9690_07517,184.969
pos,184.9691,pos_mz_184.9690_07517,184.969
pos,184.9922,pos_mz_184.9929_07526,184.9929
pos,184.9923,pos_mz_184.9929_07526,184.9929
pos,184.9924,pos_mz_184.9929_07526,184.9929
pos,184.9925,pos_mz_184.9929_07526,184.9929
pos,184.9926,pos_mz_184.9929_07526,184.9929
pos,184.9927,pos_mz_184.9929_07526,184.9929
pos,184.9928,pos_mz_184.9929_07526,184.9929
pos,184.9929,pos_mz_184.9929_07526,184.9929
pos,184.993,pos_mz_184.9929_07526,184.9929
pos,185.1141,pos_mz_185.1144_07555,185.1144
pos,185.1142,pos_mz_185.1144_07555,185.1144
pos,185.1143,pos_mz_185.1144_07555,185.1144
pos,185.1144,pos_mz_185.1144_07555,185.1144
pos,185.1145,pos_mz_185.1144_07555,185.1144
pos,185.1146,pos_mz_185.1144_07555,185.1144
pos,185.1147,pos_mz_185.1144_07555,185.1144
pos,185.1148,pos_mz_185.1144_07555,185.1144
pos,185.1164,pos_mz_185.1168_07558,185.1168
pos,185.1165,pos_mz_185.1168_07558,185.1168
pos,185.1166,pos_mz_185.1168_07558,185.1168
pos,185.1167,pos_mz_185.1168_07558,185.1168
pos,185.1168,pos_mz_185.1168_07558,185.1168
pos,185.1169,pos_mz_185.1168_07558,185.1168
pos,185.117,pos_mz_185.1168_07558,185.1168
pos,185.1171,pos_mz_185.1168_07558,185.1168
pos,185.1172,pos_mz_185.1168_07558,185.1168
pos,185.1173,pos_mz_185.1168_07558,185.1168
pos,187.1256,pos_mz_187.1258_07659,187.1258
pos,187.1257,pos_mz_187.1258_07659,187.1258
pos,187.1258,pos_mz_187.1258_07659,187.1258
pos,187.1259,pos_mz_187.1258_07659,187.1258
pos,187.126,pos_mz_187.1258_07659,187.1258
pos,187.1261,pos_mz_187.1258_07659,187.1258
pos,187.1262,pos_mz_187.1258_07659,187.1258
pos,187.1263,pos_mz_187.1258_07659,187.1258
pos,191.0484,pos_mz_191.0488_07802,191.0488
pos,191.0485,pos_mz_191.0488_07802,191.0488
pos,191.0486,pos_mz_191.0488_07802,191.0488
pos,191.0487,pos_mz_191.0488_07802,191.0488
pos,191.0488,pos_mz_191.0488_07802,191.0488
pos,191.0489,pos_mz_191.0488_07802,191.0488
pos,191.049,pos_mz_191.0488_07802,191.0488
pos,191.0491,pos_mz_191.0488_07802,191.0488
pos,191.0492,pos_mz_191.0488_07802,191.0488
pos,191.0847,pos_mz_191.0852_07812,191.0852
pos,191.0848,pos_mz_191.0852_07812,191.0852
pos,191.0849,pos_mz_191.0852_07812,191.0852
pos,191.085,pos_mz_191.0852_07812,191.0852
pos,191.0851,pos_mz_191.0852_07812,191.0852
pos,191.0852,pos_mz_191.0852_07812,191.0852
pos,191.0853,pos_mz_191.0852_07812,191.0852
pos,191.0854,pos_mz_191.0852_07812,191.0852
pos,191.0855,pos_mz_191.0852_07812,191.0852
pos,191.1035,pos_mz_191.1039_07818,191.1039
pos,191.1036,pos_mz_191.1039_07818,191.1039
pos,191.1037,pos_mz_191.1039_07818,191.1039
pos,191.1038,pos_mz_191.1039_07818,191.1039
pos,191.1039,pos_mz_191.1039_07818,191.1039
pos,191.104,pos_mz_191.1039_07818,191.1039
pos,191.1041,pos_mz_191.1039_07818,191.1039
pos,191.1042,pos_mz_191.1039_07818,191.1039
pos,193.0828,pos_mz_193.0831_07900,193.0831
pos,193.0829,pos_mz_193.0831_07900,193.0831
pos,193.083,pos_mz_193.0831_07900,193.0831
pos,193.0831,pos_mz_193.0831_07900,193.0831
pos,193.0832,pos_mz_193.0831_07900,193.0831
pos,193.0833,pos_mz_193.0831_07900,193.0831
pos,193.0834,pos_mz_193.0831_07900,193.0831
pos,193.0835,pos_mz_193.0831_07900,193.0831
pos,193.1302,pos_mz_193.1307_07914,193.1307
pos,193.1303,pos_mz_193.1307_07914,193.1307
pos,193.1304,pos_mz_193.1307_07914,193.1307
pos,193.1305,pos_mz_193.1307_07914,193.1307
pos,193.1306,pos_mz_193.1307_07914,193.1307
pos,193.1307,pos_mz_193.1307_07914,193.1307
pos,193.1308,pos_mz_193.1307_07914,193.1307
pos,193.1309,pos_mz_193.1307_07914,193.1307
pos,193.1578,pos_mz_193.1582_07921,193.1582
pos,193.1579,pos_mz_193.1582_07921,193.1582
pos,193.158,pos_mz_193.1582_07921,193.1582
pos,193.1581,pos_mz_193.1582_07921,193.1582
pos,193.1582,pos_mz_193.1582_07921,193.1582
pos,193.1583,pos_mz_193.1582_07921,193.1582
pos,193.1584,pos_mz_193.1582_07921,193.1582
pos,193.1585,pos_mz_193.1582_07921,193.1582
pos,194.1333,pos_mz_194.1338_07949,194.1338
pos,194.1334,pos_mz_194.1338_07949,194.1338
pos,194.1335,pos_mz_194.1338_07949,194.1338
pos,194.1336,pos_mz_194.1338_07949,194.1338
pos,194.1337,pos_mz_194.1338_07949,194.1338
pos,194.1338,pos_mz_194.1338_07949,194.1338
pos,194.1339,pos_mz_194.1338_07949,194.1338
pos,194.134,pos_mz_194.1338_07949,194.1338
pos,194.1341,pos_mz_194.1338_07949,194.1338
pos,195.0981,pos_mz_195.0987_07984,195.0987
pos,195.0982,pos_mz_195.0987_07984,195.0987
pos,195.0983,pos_mz_195.0987_07984,195.0987
pos,195.0984,pos_mz_195.0987_07984,195.0987
pos,195.0985,pos_mz_195.0987_07984,195.0987
pos,195.0986,pos_mz_195.0987_07984,195.0987
pos,195.0987,pos_mz_195.0987_07984,195.0987
pos,195.1371,pos_mz_195.1374_07995,195.1374
pos,195.1372,pos_mz_195.1374_07995,195.1374
pos,195.1373,pos_mz_195.1374_07995,195.1374
pos,195.1374,pos_mz_195.1374_07995,195.1374
pos,195.1375,pos_mz_195.1374_07995,195.1374
pos,195.1376,pos_mz_195.1374_07995,195.1374
pos,195.1377,pos_mz_195.1374_07995,195.1374
pos,195.1378,pos_mz_195.1374_07995,195.1374
pos,195.1731,pos_mz_195.1737_08000,195.1737
pos,195.1732,pos_mz_195.1737_08000,195.1737
pos,195.1733,pos_mz_195.1737_08000,195.1737
pos,195.1734,pos_mz_195.1737_08000,195.1737
pos,195.1735,pos_mz_195.1737_08000,195.1737
pos,195.1736,pos_mz_195.1737_08000,195.1737
pos,195.1737,pos_mz_195.1737_08000,195.1737
pos,195.1738,pos_mz_195.1737_08000,195.1737
pos,195.1739,pos_mz_195.1737_08000,195.1737
pos,195.174,pos_mz_195.1737_08000,195.1737
pos,197.1528,pos_mz_197.1529_08085,197.1529
pos,197.1529,pos_mz_197.1529_08085,197.1529
pos,197.153,pos_mz_197.1529_08085,197.1529
pos,197.1531,pos_mz_197.1529_08085,197.1529
pos,197.1532,pos_mz_197.1529_08085,197.1529
pos,197.1533,pos_mz_197.1529_08085,197.1529
pos,197.1534,pos_mz_197.1529_08085,197.1529
pos,197.1535,pos_mz_197.1529_08085,197.1529
pos,199.1317,pos_mz_199.1323_08189,199.1323
pos,199.1318,pos_mz_199.1323_08189,199.1323
pos,199.1319,pos_mz_199.1323_08189,199.1323
pos,199.132,pos_mz_199.1323_08189,199.1323
pos,199.1321,pos_mz_199.1323_08189,199.1323
pos,199.1322,pos_mz_199.1323_08189,199.1323
pos,199.1323,pos_mz_199.1323_08189,199.1323
pos,199.1324,pos_mz_199.1323_08189,199.1323
pos,199.1325,pos_mz_199.1323_08189,199.1323
pos,199.1326,pos_mz_199.1323_08189,199.1323
pos,201.0326,pos_mz_201.0332_08262,201.0332
pos,201.0327,pos_mz_201.0332_08262,201.0332
pos,201.0328,pos_mz_201.0332_08262,201.0332
pos,201.0329,pos_mz_201.0332_08262,201.0332
pos,201.033,pos_mz_201.0332_08262,201.0332
pos,201.0331,pos_mz_201.0332_08262,201.0332
pos,201.0332,pos_mz_201.0332_08262,201.0332
pos,201.0333,pos_mz_201.0332_08262,201.0332
pos,201.0334,pos_mz_201.0332_08262,201.0332
pos,201.0335,pos_mz_201.0332_08262,201.0332
pos,201.0336,pos_mz_201.0332_08262,201.0332
pos,201.1838,pos_mz_201.1843_08298,201.1843
pos,201.1839,pos_mz_201.1843_08298,201.1843
pos,201.184,pos_mz_201.1843_08298,201.1843
pos,201.1841,pos_mz_201.1843_08298,201.1843
pos,201.1842,pos_mz_201.1843_08298,201.1843
pos,201.1843,pos_mz_201.1843_08298,201.1843
pos,201.1844,pos_mz_201.1843_08298,201.1843
pos,201.1845,pos_mz_201.1843_08298,201.1843
pos,201.1846,pos_mz_201.1843_08298,201.1843
pos,201.1847,pos_mz_201.1843_08298,201.1843
pos,203.1054,pos_mz_203.1061_08381,203.1061
pos,203.1055,pos_mz_203.1061_08381,203.1061
pos,203.1056,pos_mz_203.1061_08381,203.1061
pos,203.1057,pos_mz_203.1061_08381,203.1061
pos,203.1058,pos_mz_203.1061_08381,203.1061
pos,203.1059,pos_mz_203.1061_08381,203.1061
pos,203.106,pos_mz_203.1061_08381,203.1061
pos,203.1061,pos_mz_203.1061_08381,203.1061
pos,203.1062,pos_mz_203.1061_08381,203.1061
pos,205.0274,pos_mz_205.0281_08458,205.0281
pos,205.0275,pos_mz_205.0281_08458,205.0281
pos,205.0276,pos_mz_205.0281_08458,205.0281
pos,205.0277,pos_mz_205.0281_08458,205.0281
pos,205.0278,pos_mz_205.0281_08458,205.0281
pos,205.0279,pos_mz_205.0281_08458,205.0281
pos,205.028,pos_mz_205.0281_08458,205.0281
pos,205.0281,pos_mz_205.0281_08458,205.0281
pos,205.0282,pos_mz_205.0281_08458,205.0281
pos,205.0637,pos_mz_205.0643_08464,205.0643
pos,205.0638,pos_mz_205.0643_08464,205.0643
pos,205.0639,pos_mz_205.0643_08464,205.0643
pos,205.064,pos_mz_205.0643_08464,205.0643
pos,205.0641,pos_mz_205.0643_08464,205.0643
pos,205.0642,pos_mz_205.0643_08464,205.0643
pos,205.0643,pos_mz_205.0643_08464,205.0643
pos,205.0644,pos_mz_205.0643_08464,205.0643
pos,205.0645,pos_mz_205.0643_08464,205.0643
pos,205.0646,pos_mz_205.0643_08464,205.0643
pos,205.0647,pos_mz_205.0643_08464,205.0643
pos,205.1936,pos_mz_205.1943_08487,205.1943
pos,205.1937,pos_mz_205.1943_08487,205.1943
pos,205.1938,pos_mz_205.1943_08487,205.1943
pos,205.1939,pos_mz_205.1943_08487,205.1943
pos,205.194,pos_mz_205.1943_08487,205.1943
pos,205.1941,pos_mz_205.1943_08487,205.1943
pos,205.1942,pos_mz_205.1943_08487,205.1943
pos,205.1943,pos_mz_205.1943_08487,205.1943
pos,205.1944,pos_mz_205.1943_08487,205.1943
pos,205.1945,pos_mz_205.1943_08487,205.1943
pos,205.1946,pos_mz_205.1943_08487,205.1943
pos,207.1733,pos_mz_207.1738_08569,207.1738
pos,207.1734,pos_mz_207.1738_08569,207.1738
pos,207.1735,pos_mz_207.1738_08569,207.1738
pos,207.1736,pos_mz_207.1738_08569,207.1738
pos,207.1737,pos_mz_207.1738_08569,207.1738
pos,207.1738,pos_mz_207.1738_08569,207.1738
pos,207.1739,pos_mz_207.1738_08569,207.1738
pos,207.174,pos_mz_207.1738_08569,207.1738
pos,211.1315,pos_mz_211.1320_08735,211.132
pos,211.1316,pos_mz_211.1320_08735,211.132
pos,211.1317,pos_mz_211.1320_08735,211.132
pos,211.1318,pos_mz_211.1320_08735,211.132
pos,211.1319,pos_mz_211.1320_08735,211.132
pos,211.132,pos_mz_211.1320_08735,211.132
pos,211.1321,pos_mz_211.1320_08735,211.132
pos,211.1322,pos_mz_211.1320_08735,211.132
pos,211.1323,pos_mz_211.1320_08735,211.132
pos,211.1324,pos_mz_211.1320_08735,211.132
pos,211.1679,pos_mz_211.1684_08739,211.1684
pos,211.168,pos_mz_211.1684_08739,211.1684
pos,211.1681,pos_mz_211.1684_08739,211.1684
pos,211.1682,pos_mz_211.1684_08739,211.1684
pos,211.1683,pos_mz_211.1684_08739,211.1684
pos,211.1684,pos_mz_211.1684_08739,211.1684
pos,211.1685,pos_mz_211.1684_08739,211.1684
pos,211.1686,pos_mz_211.1684_08739,211.1684
pos,211.1687,pos_mz_211.1684_08739,211.1684
pos,211.1688,pos_mz_211.1684_08739,211.1684
pos,214.9788,pos_mz_214.9794_08892,214.9794
pos,214.9789,pos_mz_214.9794_08892,214.9794
pos,214.979,pos_mz_214.9794_08892,214.9794
pos,214.9791,pos_mz_214.9794_08892,214.9794
pos,214.9792,pos_mz_214.9794_08892,214.9794
pos,214.9793,pos_mz_214.9794_08892,214.9794
pos,214.9794,pos_mz_214.9794_08892,214.9794
pos,214.9795,pos_mz_214.9794_08892,214.9794
pos,214.9796,pos_mz_214.9794_08892,214.9794
pos,219.1728,pos_mz_219.1733_09167,219.1733
pos,219.1729,pos_mz_219.1733_09167,219.1733
pos,219.173,pos_mz_219.1733_09167,219.1733
pos,219.1731,pos_mz_219.1733_09167,219.1733
pos,219.1732,pos_mz_219.1733_09167,219.1733
pos,219.1733,pos_mz_219.1733_09167,219.1733
pos,219.1734,pos_mz_219.1733_09167,219.1733
pos,219.1735,pos_mz_219.1733_09167,219.1733
pos,219.1736,pos_mz_219.1733_09167,219.1733
pos,219.1737,pos_mz_219.1733_09167,219.1733
pos,219.1738,pos_mz_219.1733_09167,219.1733
pos,222.1554,pos_mz_222.1562_09283,222.1562
pos,222.1555,pos_mz_222.1562_09283,222.1562
pos,222.1556,pos_mz_222.1562_09283,222.1562
pos,222.1557,pos_mz_222.1562_09283,222.1562
pos,222.1558,pos_mz_222.1562_09283,222.1562
pos,222.1559,pos_mz_222.1562_09283,222.1562
pos,222.156,pos_mz_222.1562_09283,222.1562
pos,222.1561,pos_mz_222.1562_09283,222.1562
pos,222.1562,pos_mz_222.1562_09283,222.1562
pos,222.1837,pos_mz_222.1844_09288,222.1844
pos,222.1838,pos_mz_222.1844_09288,222.1844
pos,222.1839,pos_mz_222.1844_09288,222.1844
pos,222.184,pos_mz_222.1844_09288,222.1844
pos,222.1841,pos_mz_222.1844_09288,222.1844
pos,222.1842,pos_mz_222.1844_09288,222.1844
pos,222.1843,pos_mz_222.1844_09288,222.1844
pos,222.1844,pos_mz_222.1844_09288,222.1844
pos,222.1845,pos_mz_222.1844_09288,222.1844
pos,222.1847,pos_mz_222.1844_09288,222.1844
pos,222.1848,pos_mz_222.1844_09288,222.1844
pos,223.0164,pos_mz_223.0171_09312,223.0171
pos,223.0165,pos_mz_223.0171_09312,223.0171
pos,223.0166,pos_mz_223.0171_09312,223.0171
pos,223.0167,pos_mz_223.0171_09312,223.0171
pos,223.0168,pos_mz_223.0171_09312,223.0171
pos,223.0169,pos_mz_223.0171_09312,223.0171
pos,223.017,pos_mz_223.0171_09312,223.0171
pos,223.0171,pos_mz_223.0171_09312,223.0171
pos,223.0172,pos_mz_223.0171_09312,223.0171
pos,223.0173,pos_mz_223.0171_09312,223.0171
pos,223.0174,pos_mz_223.0171_09312,223.0171
pos,223.0175,pos_mz_223.0171_09312,223.0171
pos,223.0619,pos_mz_223.0625_09321,223.0625
pos,223.062,pos_mz_223.0625_09321,223.0625
pos,223.0621,pos_mz_223.0625_09321,223.0625
pos,223.0622,pos_mz_223.0625_09321,223.0625
pos,223.0623,pos_mz_223.0625_09321,223.0625
pos,223.0624,pos_mz_223.0625_09321,223.0625
pos,223.0625,pos_mz_223.0625_09321,223.0625
pos,223.0626,pos_mz_223.0625_09321,223.0625
pos,223.0627,pos_mz_223.0625_09321,223.0625
pos,223.0628,pos_mz_223.0625_09321,223.0625
pos,223.0629,pos_mz_223.0625_09321,223.0625
pos,223.063,pos_mz_223.0625_09321,223.0625
pos,233.9657,pos_mz_233.9667_09750,233.9667
pos,233.9658,pos_mz_233.9667_09750,233.9667
pos,233.9659,pos_mz_233.9667_09750,233.9667
pos,233.966,pos_mz_233.9667_09750,233.9667
pos,233.9661,pos_mz_233.9667_09750,233.9667
pos,233.9662,pos_mz_233.9667_09750,233.9667
pos,233.9663,pos_mz_233.9667_09750,233.9667
pos,233.9664,pos_mz_233.9667_09750,233.9667
pos,233.9665,pos_mz_233.9667_09750,233.9667
pos,233.9666,pos_mz_233.9667_09750,233.9667
pos,233.9667,pos_mz_233.9667_09750,233.9667
pos,233.9668,pos_mz_233.9667_09750,233.9667
pos,235.2043,pos_mz_235.2045_09822,235.2045
pos,235.2044,pos_mz_235.2045_09822,235.2045
pos,235.2045,pos_mz_235.2045_09822,235.2045
pos,235.2046,pos_mz_235.2045_09822,235.2045
pos,235.2047,pos_mz_235.2045_09822,235.2045
pos,235.2048,pos_mz_235.2045_09822,235.2045
pos,235.2049,pos_mz_235.2045_09822,235.2045
pos,235.9493,pos_mz_235.9502_09833,235.9502
pos,235.9494,pos_mz_235.9502_09833,235.9502
pos,235.9495,pos_mz_235.9502_09833,235.9502
pos,235.9496,pos_mz_235.9502_09833,235.9502
pos,235.9497,pos_mz_235.9502_09833,235.9502
pos,235.9498,pos_mz_235.9502_09833,235.9502
pos,235.9499,pos_mz_235.9502_09833,235.9502
pos,235.95,pos_mz_235.9502_09833,235.9502
pos,235.9501,pos_mz_235.9502_09833,235.9502
pos,235.9502,pos_mz_235.9502_09833,235.9502
pos,235.9503,pos_mz_235.9502_09833,235.9502
pos,236.9465,pos_mz_236.9471_09866,236.9471
pos,236.9466,pos_mz_236.9471_09866,236.9471
pos,236.9467,pos_mz_236.9471_09866,236.9471
pos,236.9468,pos_mz_236.9471_09866,236.9471
pos,236.9469,pos_mz_236.9471_09866,236.9471
pos,236.947,pos_mz_236.9471_09866,236.9471
pos,236.9471,pos_mz_236.9471_09866,236.9471
pos,236.9472,pos_mz_236.9471_09866,236.9471
pos,236.9473,pos_mz_236.9471_09866,236.9471
pos,236.9474,pos_mz_236.9471_09866,236.9471
pos,236.9475,pos_mz_236.9471_09866,236.9471
pos,236.9476,pos_mz_236.9471_09866,236.9471
pos,252.9599,pos_mz_252.9609_10370,252.9609
pos,252.96,pos_mz_252.9609_10370,252.9609
pos,252.9601,pos_mz_252.9609_10370,252.9609
pos,252.9602,pos_mz_252.9609_10370,252.9609
pos,252.9603,pos_mz_252.9609_10370,252.9609
pos,252.9604,pos_mz_252.9609_10370,252.9609
pos,252.9605,pos_mz_252.9609_10370,252.9609
pos,252.9606,pos_mz_252.9609_10370,252.9609
pos,252.9607,pos_mz_252.9609_10370,252.9609
pos,252.9608,pos_mz_252.9609_10370,252.9609
pos,252.9609,pos_mz_252.9609_10370,252.9609
pos,252.961,pos_mz_252.9609_10370,252.9609
pos,252.9691,pos_mz_252.9700_10372,252.97
pos,252.9692,pos_mz_252.9700_10372,252.97
pos,252.9693,pos_mz_252.9700_10372,252.97
pos,252.9694,pos_mz_252.9700_10372,252.97
pos,252.9695,pos_mz_252.9700_10372,252.97
pos,252.9696,pos_mz_252.9700_10372,252.97
pos,252.9697,pos_mz_252.9700_10372,252.97
pos,252.9698,pos_mz_252.9700_10372,252.97
pos,252.9699,pos_mz_252.9700_10372,252.97
pos,252.97,pos_mz_252.9700_10372,252.97
pos,252.9701,pos_mz_252.9700_10372,252.97
pos,253.1775,pos_mz_253.1781_10392,253.1781
pos,253.1776,pos_mz_253.1781_10392,253.1781
pos,253.1777,pos_mz_253.1781_10392,253.1781
pos,253.1778,pos_mz_253.1781_10392,253.1781
pos,253.1779,pos_mz_253.1781_10392,253.1781
pos,253.178,pos_mz_253.1781_10392,253.1781
pos,253.1781,pos_mz_253.1781_10392,253.1781
pos,253.1782,pos_mz_253.1781_10392,253.1781
pos,253.1783,pos_mz_253.1781_10392,253.1781
pos,253.1784,pos_mz_253.1781_10392,253.1781
pos,253.1785,pos_mz_253.1781_10392,253.1781
pos,253.1786,pos_mz_253.1781_10392,253.1781
pos,279.1562,pos_mz_279.1564_10938,279.1564
pos,279.1563,pos_mz_279.1564_10938,279.1564
pos,279.1564,pos_mz_279.1564_10938,279.1564
pos,279.1565,pos_mz_279.1564_10938,279.1564
pos,279.1566,pos_mz_279.1564_10938,279.1564
pos,279.1567,pos_mz_279.1564_10938,279.1564
pos,279.1568,pos_mz_279.1564_10938,279.1564
pos,279.1569,pos_mz_279.1564_10938,279.1564
pos,279.157,pos_mz_279.1564_10938,279.1564
pos,279.1571,pos_mz_279.1564_10938,279.1564
pos,279.1572,pos_mz_279.1564_10938,279.1564
pos,279.1573,pos_mz_279.1564_10938,279.1564
pos,279.1574,pos_mz_279.1564_10938,279.1564
pos,279.1575,pos_mz_279.1564_10938,279.1564
pos,329.0014,pos_mz_329.0019_11550,329.0019
pos,329.0015,pos_mz_329.0019_11550,329.0019
pos,329.0016,pos_mz_329.0019_11550,329.0019
pos,329.0017,pos_mz_329.0019_11550,329.0019
pos,329.0018,pos_mz_329.0019_11550,329.0019
pos,329.0019,pos_mz_329.0019_11550,329.0019
pos,329.002,pos_mz_329.0019_11550,329.0019
pos,329.0021,pos_mz_329.0019_11550,329.0019
pos,329.0022,pos_mz_329.0019_11550,329.0019
pos,329.0023,pos_mz_329.0019_11550,329.0019
pos,329.0024,pos_mz_329.0019_11550,329.0019
pos,329.0025,pos_mz_329.0019_11550,329.0019
pos,329.0026,pos_mz_329.0019_11550,329.0019
pos,330.9986,pos_mz_330.9994_11566,330.9994
pos,330.9987,pos_mz_330.9994_11566,330.9994
pos,330.9988,pos_mz_330.9994_11566,330.9994
pos,330.9989,pos_mz_330.9994_11566,330.9994
pos,330.999,pos_mz_330.9994_11566,330.9994
pos,330.9991,pos_mz_330.9994_11566,330.9994
pos,330.9992,pos_mz_330.9994_11566,330.9994
pos,330.9993,pos_mz_330.9994_11566,330.9994
pos,330.9994,pos_mz_330.9994_11566,330.9994
pos,330.9995,pos_mz_330.9994_11566,330.9994
pos,330.9996,pos_mz_330.9994_11566,330.9994
pos,330.9997,pos_mz_330.9994_11566,330.9994
pos,331.0,pos_mz_330.9994_11566,330.9994
pos,331.0001,pos_mz_330.9994_11566,330.9994
pos,331.0002,pos_mz_330.9994_11566,330.9994
pos,348.9859,pos_mz_348.9871_11686,348.9871
pos,348.986,pos_mz_348.9871_11686,348.9871
pos,348.9861,pos_mz_348.9871_11686,348.9871
pos,348.9863,pos_mz_348.9871_11686,348.9871
pos,348.9864,pos_mz_348.9871_11686,348.9871
pos,348.9865,pos_mz_348.9871_11686,348.9871
pos,348.9866,pos_mz_348.9871_11686,348.9871
pos,348.9867,pos_mz_348.9871_11686,348.9871
pos,348.9869,pos_mz_348.9871_11686,348.9871
pos,348.987,pos_mz_348.9871_11686,348.9871
pos,348.9871,pos_mz_348.9871_11686,348.9871
pos,348.9872,pos_mz_348.9871_11686,348.9871
pos,348.9873,pos_mz_348.9871_11686,348.9871
pos,348.9874,pos_mz_348.9871_11686,348.9871
