filename,feature_id,cluster_mz,ion,sum_relative_intensity,sum_raw_intensity,n_detected_scans,mz_mean,n_platform_scans,detection_fraction,intensity,subject,sample_id,date,detection_time_local,time_only,time_hours
25_03_2026_FASTING_S1_001_pos.mzML,pos_mz_100.0392_02905,100.03915,pos,0.006794174182025884,2964031.111328125,103,100.03916263902167,103,1.0,6.596285613617364e-05,S1,1,25_03_2026,2026-03-25 06:59:05,1970-01-01 06:59:05,6.9847222222222225
25_03_2026_FASTING_S1_001_pos.mzML,pos_mz_100.0473_02908,100.04725,pos,0.0060226294527130995,2590484.8974609375,100,100.04731772310608,103,0.970873786407767,6.022629452713099e-05,S1,1,25_03_2026,2026-03-25 06:59:05,1970-01-01 06:59:05,6.9847222222222225
25_03_2026_FASTING_S1_001_pos.mzML,pos_mz_100.0755_02912,100.07554999999999,pos,0.1424508869606137,61645968.171875,103,100.07555382789707,103,1.0,0.0013830183200059583,S1,1,25_03_2026,2026-03-25 06:59:05,1970-01-01 06:59:05,6.9847222222222225
25_03_2026_FASTING_S1_001_pos.mzML,pos_mz_100.0838_02915,100.08375000000001,pos,0.0032339358270061253,1415126.0952148438,89,100.0836199347666,103,0.8640776699029126,3.6336357606810394e-05,S1,1,25_03_2026,2026-03-25 06:59:05,1970-01-01 06:59:05,6.9847222222222225
25_03_2026_FASTING_S1_001_pos.mzML,pos_mz_100.1120_02918,100.11200000000001,pos,0.09922378892208217,43612977.703125,103,100.11195383401696,103,1.0,0.0009633377565250696,S1,1,25_03_2026,2026-03-25 06:59:05,1970-01-01 06:59:05,6.9847222222222225
25_03_2026_FASTING_S1_001_pos.mzML,pos_mz_100.9482_02929,100.94824999999999,pos,0.004934913792693745,2192212.0649414062,101,100.94826070181895,103,0.9805825242718447,4.8860532600928167e-05,S1,1,25_03_2026,2026-03-25 06:59:05,1970-01-01 06:59:05,6.9847222222222225
25_03_2026_FASTING_S1_001_pos.mzML,pos_mz_100.9989_02936,100.99885,pos,0.005982643670271443,2644530.19140625,102,100.9988343448836,103,0.9902912621359223,5.865336931638669e-05,S1,1,25_03_2026,2026-03-25 06:59:05,1970-01-01 06:59:05,6.9847222222222225
25_03_2026_FASTING_S1_001_pos.mzML,pos_mz_101.0233_02947,101.02325,pos,0.007683240052678127,3390888.9326171875,103,101.02319579480937,103,1.0,7.459456361823423e-05,S1,1,25_03_2026,2026-03-25 06:59:05,1970-01-01 06:59:05,6.9847222222222225
25_03_2026_FASTING_S1_001_pos.mzML,pos_mz_101.0596_02954,101.0596,pos,0.20413660388045068,88289199.4375,103,101.0596061545055,103,1.0,0.0019819087755383563,S1,1,25_03_2026,2026-03-25 06:59:05,1970-01-01 06:59:05,6.9847222222222225
25_03_2026_FASTING_S1_001_pos.mzML,pos_mz_101.1153_02967,101.11534999999999,pos,0.004057001565530783,1782389.6674804688,99,101.11530565943313,103,0.9611650485436893,4.0979813793240235e-05,S1,1,25_03_2026,2026-03-25 06:59:05,1970-01-01 06:59:05,6.9847222222222225
25_03_2026_FASTING_S1_001_pos.mzML,pos_mz_102.0549_02992,102.0549,pos,0.012955719345867561,5629437.84765625,103,102.05486100829282,103,1.0,0.00012578368296958797,S1,1,25_03_2026,2026-03-25 06:59:05,1970-01-01 06:59:05,6.9847222222222225
25_03_2026_FASTING_S1_001_pos.mzML,pos_mz_102.0629_02994,102.0629,pos,0.006290164931091709,2714478.2724609375,95,102.06291267585313,103,0.9223300970873787,6.62122624325443e-05,S1,1,25_03_2026,2026-03-25 06:59:05,1970-01-01 06:59:05,6.9847222222222225
25_03_2026_FASTING_S1_001_pos.mzML,pos_mz_102.0912_02998,102.0912,pos,0.09767266775767491,41612468.25,103,102.09122707065052,103,1.0,0.0009482783277444167,S1,1,25_03_2026,2026-03-25 06:59:05,1970-01-01 06:59:05,6.9847222222222225
25_03_2026_FASTING_S1_001_pos.mzML,pos_mz_102.9701_03044,102.9701,pos,4.353593031600152,1913018015.0,103,102.97013299006107,103,1.0,0.04226789351068109,S1,1,25_03_2026,2026-03-25 06:59:05,1970-01-01 06:59:05,6.9847222222222225
25_03_2026_FASTING_S1_001_pos.mzML,pos_mz_103.0388_03078,103.03880000000001,pos,0.008850603746746948,3858091.873046875,103,103.03882960395327,103,1.0,8.592819171598978e-05,S1,1,25_03_2026,2026-03-25 06:59:05,1970-01-01 06:59:05,6.9847222222222225
25_03_2026_FASTING_S1_001_pos.mzML,pos_mz_103.0752_03089,103.07525,pos,0.008414516575400145,3676118.9658203125,102,103.07517661142329,103,0.9902912621359223,8.249526054313867e-05,S1,1,25_03_2026,2026-03-25 06:59:05,1970-01-01 06:59:05,6.9847222222222225
25_03_2026_FASTING_S1_001_pos.mzML,pos_mz_103.0864_03090,103.0864,pos,0.018930214941266635,8311030.341796875,103,103.08645784092201,103,1.0,0.00018378849457540423,S1,1,25_03_2026,2026-03-25 06:59:05,1970-01-01 06:59:05,6.9847222222222225
25_03_2026_FASTING_S1_001_pos.mzML,pos_mz_103.9735_03099,103.97345000000001,pos,0.029686282972474175,13106908.671875,103,103.97346587724199,103,1.0,0.00028821633953858425,S1,1,25_03_2026,2026-03-25 06:59:05,1970-01-01 06:59:05,6.9847222222222225
25_03_2026_FASTING_S1_001_pos.mzML,pos_mz_104.0341_03107,104.03415,pos,0.008032813565039742,3526273.7690429688,102,104.03405792996301,103,0.9902912621359223,7.87530741670563e-05,S1,1,25_03_2026,2026-03-25 06:59:05,1970-01-01 06:59:05,6.9847222222222225
25_03_2026_FASTING_S1_001_pos.mzML,pos_mz_104.0705_03111,104.07045000000001,pos,0.04570966759278976,20087426.140625,103,104.07044858391096,103,1.0,0.0004437831805125219,S1,1,25_03_2026,2026-03-25 06:59:05,1970-01-01 06:59:05,6.9847222222222225
25_03_2026_FASTING_S1_001_pos.mzML,pos_mz_104.9661_03119,104.96610000000001,pos,0.0179362627379702,7926531.09765625,103,104.96614994570395,103,1.0,0.0001741384731841767,S1,1,25_03_2026,2026-03-25 06:59:05,1970-01-01 06:59:05,6.9847222222222225
25_03_2026_FASTING_S1_001_pos.mzML,pos_mz_104.9744_03125,104.97440000000002,pos,0.017184714395950585,7571040.203125,103,104.97438053941066,103,1.0,0.00016684188733932608,S1,1,25_03_2026,2026-03-25 06:59:05,1970-01-01 06:59:05,6.9847222222222225
25_03_2026_FASTING_S1_001_pos.mzML,pos_mz_105.0032_03128,105.00319999999999,pos,0.2265640269135,99707562.25,103,105.00317477346027,103,1.0,0.0021996507467330097,S1,1,25_03_2026,2026-03-25 06:59:05,1970-01-01 06:59:05,6.9847222222222225
25_03_2026_FASTING_S1_001_pos.mzML,pos_mz_105.0334_03137,105.0334,pos,0.019081916119269734,8404874.02734375,103,105.03336359159881,103,1.0,0.0001852613215463081,S1,1,25_03_2026,2026-03-25 06:59:05,1970-01-01 06:59:05,6.9847222222222225
25_03_2026_FASTING_S1_001_pos.mzML,pos_mz_105.0367_03138,105.03670000000002,pos,0.006480982113737381,2890012.6918945312,102,105.03672627137357,103,0.9902912621359223,6.353904033075863e-05,S1,1,25_03_2026,2026-03-25 06:59:05,1970-01-01 06:59:05,6.9847222222222225
25_03_2026_FASTING_S1_001_pos.mzML,pos_mz_105.0697_03146,105.06975,pos,0.017041495129422372,7487790.283203125,103,105.0697440978987,103,1.0,0.00016545140902351818,S1,1,25_03_2026,2026-03-25 06:59:05,1970-01-01 06:59:05,6.9847222222222225
25_03_2026_FASTING_S1_001_pos.mzML,pos_mz_106.0039_03165,106.00394999999999,pos,0.01765686994177087,7824410.2421875,103,106.00395715543118,103,1.0,0.0001714259217647657,S1,1,25_03_2026,2026-03-25 06:59:05,1970-01-01 06:59:05,6.9847222222222225
25_03_2026_FASTING_S1_001_pos.mzML,pos_mz_106.0078_03166,106.00780000000002,pos,0.316317919413245,137123464.5625,103,106.00781463512268,103,1.0,0.003071047761293641,S1,1,25_03_2026,2026-03-25 06:59:05,1970-01-01 06:59:05,6.9847222222222225
25_03_2026_FASTING_S1_001_pos.mzML,pos_mz_106.9630_03215,106.96300000000001,pos,0.08035207345479246,35696930.5625,103,106.96302090694451,103,1.0,0.0007801172180076938,S1,1,25_03_2026,2026-03-25 06:59:05,1970-01-01 06:59:05,6.9847222222222225
25_03_2026_FASTING_S1_001_pos.mzML,pos_mz_106.9918_03227,106.9918,pos,1.0922075584626156,483607536.75,103,106.99182515340193,103,1.0,0.010603956878277821,S1,1,25_03_2026,2026-03-25 06:59:05,1970-01-01 06:59:05,6.9847222222222225
25_03_2026_FASTING_S1_001_pos.mzML,pos_mz_107.0007_03232,107.00065000000001,pos,0.02246575429735317,9927618.64453125,103,107.0006305546606,103,1.0,0.00021811411939177836,S1,1,25_03_2026,2026-03-25 06:59:05,1970-01-01 06:59:05,6.9847222222222225
25_03_2026_FASTING_S1_001_pos.mzML,pos_mz_107.0434_03250,107.0434,pos,0.2070663687522011,93238029.6328125,103,107.04342192262814,103,1.0,0.002010353094681564,S1,1,25_03_2026,2026-03-25 06:59:05,1970-01-01 06:59:05,6.9847222222222225
25_03_2026_FASTING_S1_001_pos.mzML,pos_mz_107.0489_03252,107.04894999999999,pos,0.011601485692109429,5119431.646484375,103,107.04897518572004,103,1.0,0.00011263578341853814,S1,1,25_03_2026,2026-03-25 06:59:05,1970-01-01 06:59:05,6.9847222222222225
25_03_2026_FASTING_S1_001_pos.mzML,pos_mz_107.0701_03257,107.0701,pos,0.03548704858631725,15303899.0078125,103,107.07010944413263,103,1.0,0.00034453445229434224,S1,1,25_03_2026,2026-03-25 06:59:05,1970-01-01 06:59:05,6.9847222222222225
25_03_2026_FASTING_S1_001_pos.mzML,pos_mz_107.0854_03265,107.0854,pos,0.08308760679302575,36011281.328125,103,107.08536469915013,103,1.0,0.0008066757941070461,S1,1,25_03_2026,2026-03-25 06:59:05,1970-01-01 06:59:05,6.9847222222222225
25_03_2026_FASTING_S1_001_pos.mzML,pos_mz_107.5451_03281,107.54514999999999,pos,0.014047806553318042,6366258.8369140625,103,107.54505052079163,103,1.0,0.0001363864713914373,S1,1,25_03_2026,2026-03-25 06:59:05,1970-01-01 06:59:05,6.9847222222222225
25_03_2026_FASTING_S1_001_pos.mzML,pos_mz_107.9951_03298,107.99510000000001,pos,0.0060143829226474346,2700579.515625,101,107.99514725158417,103,0.9805825242718447,5.954834576878648e-05,S1,1,25_03_2026,2026-03-25 06:59:05,1970-01-01 06:59:05,6.9847222222222225
25_03_2026_FASTING_S1_001_pos.mzML,pos_mz_108.0806_03321,108.08055,pos,0.03523201394819223,15073431.21875,103,108.08060301078324,103,1.0,0.00034205838784652655,S1,1,25_03_2026,2026-03-25 06:59:05,1970-01-01 06:59:05,6.9847222222222225
25_03_2026_FASTING_S1_001_pos.mzML,pos_mz_108.9875_03347,108.9875,pos,0.0282565677271339,12577526.296875,103,108.98748624276378,103,1.0,0.00027433560900130003,S1,1,25_03_2026,2026-03-25 06:59:05,1970-01-01 06:59:05,6.9847222222222225
25_03_2026_FASTING_S1_001_pos.mzML,pos_mz_108.9960_03348,108.99600000000001,pos,0.0038108587609572008,1701566.9125976562,89,108.99604531508727,103,0.8640776699029126,4.2818637763564056e-05,S1,1,25_03_2026,2026-03-25 06:59:05,1970-01-01 06:59:05,6.9847222222222225
25_03_2026_FASTING_S1_001_pos.mzML,pos_mz_109.0647_03371,109.06465,pos,0.13013002759787634,57484534.8125,103,109.06468543746841,103,1.0,0.001263398326192974,S1,1,25_03_2026,2026-03-25 06:59:05,1970-01-01 06:59:05,6.9847222222222225
25_03_2026_FASTING_S1_001_pos.mzML,pos_mz_109.1011_03380,109.10110000000002,pos,0.653685533791669,283792464.5,103,109.10105458478135,103,1.0,0.006346461493123,S1,1,25_03_2026,2026-03-25 06:59:05,1970-01-01 06:59:05,6.9847222222222225
25_03_2026_FASTING_S1_001_pos.mzML,pos_mz_110.0600_03413,110.05995,pos,0.008027147963578644,3477697.814453125,102,110.059921912902,103,0.9902912621359223,7.869752905469259e-05,S1,1,25_03_2026,2026-03-25 06:59:05,1970-01-01 06:59:05,6.9847222222222225
25_03_2026_FASTING_S1_001_pos.mzML,pos_mz_110.1044_03423,110.10440000000001,pos,0.03612136200541883,15742486.71875,103,110.10439277442516,103,1.0,0.0003506928350040663,S1,1,25_03_2026,2026-03-25 06:59:05,1970-01-01 06:59:05,6.9847222222222225
25_03_2026_FASTING_S1_001_pos.mzML,pos_mz_110.9601_03434,110.96015,pos,0.004416900423634862,1957172.1240234375,87,110.96010998897368,103,0.8446601941747572,5.076897038660761e-05,S1,1,25_03_2026,2026-03-25 06:59:05,1970-01-01 06:59:05,6.9847222222222225
25_03_2026_FASTING_S1_001_pos.mzML,pos_mz_111.0231_03442,111.02305000000001,pos,0.00772203928557346,3454099.3857421875,101,111.02307691788911,103,0.9805825242718447,7.645583451062831e-05,S1,1,25_03_2026,2026-03-25 06:59:05,1970-01-01 06:59:05,6.9847222222222225
25_03_2026_FASTING_S1_001_pos.mzML,pos_mz_111.0415_03445,111.04154999999999,pos,0.016171568192338382,7132737.87890625,103,111.04151687604507,103,1.0,0.00015700551643046972,S1,1,25_03_2026,2026-03-25 06:59:05,1970-01-01 06:59:05,6.9847222222222225
25_03_2026_FASTING_S1_001_pos.mzML,pos_mz_111.0438_03446,111.04384999999999,pos,0.04208980880263051,18451717.828125,103,111.04390075777127,103,1.0,0.00040863892041388846,S1,1,25_03_2026,2026-03-25 06:59:05,1970-01-01 06:59:05,6.9847222222222225
25_03_2026_FASTING_S1_001_pos.mzML,pos_mz_111.0803_03458,111.0803,pos,0.07797158881366081,34153939.21875,103,111.08028931829678,103,1.0,0.0007570057166374837,S1,1,25_03_2026,2026-03-25 06:59:05,1970-01-01 06:59:05,6.9847222222222225
25_03_2026_FASTING_S1_001_pos.mzML,pos_mz_111.1167_03464,111.11672000000002,pos,0.07285427821573713,31903774.2578125,103,111.11666720096429,103,1.0,0.000707323089473176,S1,1,25_03_2026,2026-03-25 06:59:05,1970-01-01 06:59:05,6.9847222222222225
25_03_2026_FASTING_S1_001_pos.mzML,pos_mz_112.0754_03490,112.07540000000002,pos,0.013929090638206907,5969300.2470703125,97,112.07549004854764,103,0.941747572815534,0.0001435988725588341,S1,1,25_03_2026,2026-03-25 06:59:05,1970-01-01 06:59:05,6.9847222222222225
25_03_2026_FASTING_S1_001_pos.mzML,pos_mz_112.0838_03493,112.08375000000001,pos,0.0034799968381054153,1524519.8896484375,88,112.08366734556854,103,0.8543689320388349,3.9545418614834266e-05,S1,1,25_03_2026,2026-03-25 06:59:05,1970-01-01 06:59:05,6.9847222222222225
25_03_2026_FASTING_S1_001_pos.mzML,pos_mz_112.1200_03495,112.12004999999999,pos,0.004276258605622529,1868610.0180664062,96,112.12000176153504,103,0.9320388349514563,4.454436047523468e-05,S1,1,25_03_2026,2026-03-25 06:59:05,1970-01-01 06:59:05,6.9847222222222225
25_03_2026_FASTING_S1_001_pos.mzML,pos_mz_113.0596_03526,113.05955,pos,0.1585633791106717,68560275.328125,103,113.05955309032588,103,1.0,0.0015394502826278807,S1,1,25_03_2026,2026-03-25 06:59:05,1970-01-01 06:59:05,6.9847222222222225
25_03_2026_FASTING_S1_001_pos.mzML,pos_mz_113.0959_03531,113.0959,pos,0.034215818864242645,14885659.65625,103,113.09590996902647,103,1.0,0.0003321924161576956,S1,1,25_03_2026,2026-03-25 06:59:05,1970-01-01 06:59:05,6.9847222222222225
25_03_2026_FASTING_S1_001_pos.mzML,pos_mz_114.0912_03572,114.0912,pos,0.1603906243671427,70392180.625,103,114.09122351295976,103,1.0,0.0015571905278363367,S1,1,25_03_2026,2026-03-25 06:59:05,1970-01-01 06:59:05,6.9847222222222225
25_03_2026_FASTING_S1_001_pos.mzML,pos_mz_114.9701_03609,114.9701,pos,0.220523495300157,95362860.84375,103,114.97013853369116,103,1.0,0.002141004808739388,S1,1,25_03_2026,2026-03-25 06:59:05,1970-01-01 06:59:05,6.9847222222222225
25_03_2026_FASTING_S1_001_pos.mzML,pos_mz_115.0364_03631,115.0364,pos,0.09315281168165511,40368386.140625,103,115.03642917356416,103,1.0,0.0009043962299189817,S1,1,25_03_2026,2026-03-25 06:59:05,1970-01-01 06:59:05,6.9847222222222225
25_03_2026_FASTING_S1_001_pos.mzML,pos_mz_115.0387_03632,115.03875,pos,0.013916795399795965,6158851.1328125,99,115.03873880641555,103,0.9611650485436893,0.00014057369090702995,S1,1,25_03_2026,2026-03-25 06:59:05,1970-01-01 06:59:05,6.9847222222222225
25_03_2026_FASTING_S1_001_pos.mzML,pos_mz_115.0752_03643,115.0752,pos,0.17071702727725774,73904459.3125,103,115.07522954822528,103,1.0,0.0016574468667694927,S1,1,25_03_2026,2026-03-25 06:59:05,1970-01-01 06:59:05,6.9847222222222225
25_03_2026_FASTING_S1_001_pos.mzML,pos_mz_115.0945_03650,115.0945,pos,0.005666643090646785,2493717.482421875,96,115.09452528990874,103,0.9320388349514563,5.9027532194237344e-05,S1,1,25_03_2026,2026-03-25 06:59:05,1970-01-01 06:59:05,6.9847222222222225
25_03_2026_FASTING_S1_001_pos.mzML,pos_mz_115.1116_03652,115.1116,pos,0.026472992839744774,11834980.7109375,103,115.11156019718462,103,1.0,0.00025701934795868713,S1,1,25_03_2026,2026-03-25 06:59:05,1970-01-01 06:59:05,6.9847222222222225
25_03_2026_FASTING_S1_001_pos.mzML,pos_mz_116.0486_03688,116.0486,pos,0.0067609162293988745,3000693.5595703125,92,116.04864593743827,103,0.8932038834951457,7.348821988477037e-05,S1,1,25_03_2026,2026-03-25 06:59:05,1970-01-01 06:59:05,6.9847222222222225
25_03_2026_FASTING_S1_001_pos.mzML,pos_mz_116.0785_03697,116.07845,pos,0.005762798572646314,2511775.240234375,85,116.07850799109498,103,0.8252427184466019,6.779763026642721e-05,S1,1,25_03_2026,2026-03-25 06:59:05,1970-01-01 06:59:05,6.9847222222222225
25_03_2026_FASTING_S1_001_pos.mzML,pos_mz_117.0543_03751,117.05435,pos,0.017458177374949122,7568740.6083984375,95,117.05439331499888,103,0.9223300970873787,0.00018377028815735918,S1,1,25_03_2026,2026-03-25 06:59:05,1970-01-01 06:59:05,6.9847222222222225
25_03_2026_FASTING_S1_001_pos.mzML,pos_mz_117.0909_03767,117.09085,pos,0.1273664472667786,54452789.171875,103,117.0908443098441,103,1.0,0.0012365674491920252,S1,1,25_03_2026,2026-03-25 06:59:05,1970-01-01 06:59:05,6.9847222222222225
25_03_2026_FASTING_S1_001_pos.mzML,pos_mz_117.1021_03770,117.1021,pos,0.128411126719387,56809260.421875,103,117.10207202062071,103,1.0,0.0012467099681493885,S1,1,25_03_2026,2026-03-25 06:59:05,1970-01-01 06:59:05,6.9847222222222225
25_03_2026_FASTING_S1_001_pos.mzML,pos_mz_117.9583_03793,117.95835,pos,0.00765720823440647,3338664.021484375,99,117.95837473357173,103,0.9611650485436893,7.734553772127748e-05,S1,1,25_03_2026,2026-03-25 06:59:05,1970-01-01 06:59:05,6.9847222222222225
25_03_2026_FASTING_S1_001_pos.mzML,pos_mz_118.0650_03813,118.06495000000001,pos,0.04487310317995059,20440232.51953125,103,118.06492907104804,103,1.0,0.00043566119592185036,S1,1,25_03_2026,2026-03-25 06:59:05,1970-01-01 06:59:05,6.9847222222222225
25_03_2026_FASTING_S1_001_pos.mzML,pos_mz_118.9425_03837,118.94245000000001,pos,0.0656084732888376,29163525.9140625,103,118.94247442860812,103,1.0,0.000636975468823666,S1,1,25_03_2026,2026-03-25 06:59:05,1970-01-01 06:59:05,6.9847222222222225
25_03_2026_FASTING_S1_001_pos.mzML,pos_mz_118.9918_03855,118.99179999999998,pos,0.07711289171051351,33689280.28125,103,118.99178539344312,103,1.0,0.0007486688515583836,S1,1,25_03_2026,2026-03-25 06:59:05,1970-01-01 06:59:05,6.9847222222222225
25_03_2026_FASTING_S1_001_pos.mzML,pos_mz_119.0282_03869,119.02820000000001,pos,0.5659873287653897,251915482.625,103,119.02820178902839,103,1.0,0.005495022609372716,S1,1,25_03_2026,2026-03-25 06:59:05,1970-01-01 06:59:05,6.9847222222222225
25_03_2026_FASTING_S1_001_pos.mzML,pos_mz_120.0235_03923,120.02346666666669,pos,0.03959857641833665,17092689.01171875,103,120.02341380703378,103,1.0,0.00038445219823627817,S1,1,25_03_2026,2026-03-25 06:59:05,1970-01-01 06:59:05,6.9847222222222225
25_03_2026_FASTING_S1_001_pos.mzML,pos_mz_120.0477_03932,120.04765000000002,pos,0.03165831984217649,14203632.5625,103,120.04760924991123,103,1.0,0.0003073623285648203,S1,1,25_03_2026,2026-03-25 06:59:05,1970-01-01 06:59:05,6.9847222222222225
25_03_2026_FASTING_S1_001_pos.mzML,pos_mz_120.9807_03986,120.9807,pos,0.42585023066872946,187838118.125,103,120.98067243732146,103,1.0,0.004134468258919703,S1,1,25_03_2026,2026-03-25 06:59:05,1970-01-01 06:59:05,6.9847222222222225
25_03_2026_FASTING_S1_001_pos.mzML,pos_mz_120.9870_03989,120.98695000000002,pos,0.04990263086815101,21379488.2734375,103,120.98699071150774,103,1.0,0.0004844915618267089,S1,1,25_03_2026,2026-03-25 06:59:05,1970-01-01 06:59:05,6.9847222222222225
25_03_2026_FASTING_S1_001_pos.mzML,pos_mz_121.0074_03992,121.0074,pos,0.06290488687665302,27843414.5546875,103,121.0074292052103,103,1.0,0.0006107270570548837,S1,1,25_03_2026,2026-03-25 06:59:05,1970-01-01 06:59:05,6.9847222222222225
25_03_2026_FASTING_S1_001_pos.mzML,pos_mz_121.1010_04027,121.10100000000003,pos,0.03984345098554268,17609481.58203125,103,121.10098962269035,103,1.0,0.00038682962121886096,S1,1,25_03_2026,2026-03-25 06:59:05,1970-01-01 06:59:05,6.9847222222222225
25_03_2026_FASTING_S1_001_pos.mzML,pos_mz_122.0962_04075,122.09615000000001,pos,0.005606574265425633,2424221.150390625,94,122.09620423045084,103,0.912621359223301,5.96444070789961e-05,S1,1,25_03_2026,2026-03-25 06:59:05,1970-01-01 06:59:05,6.9847222222222225
25_03_2026_FASTING_S1_001_pos.mzML,pos_mz_123.0231_04101,123.02310000000003,pos,0.04935412417006671,21515907.8828125,103,123.0230515392298,103,1.0,0.0004791662540783176,S1,1,25_03_2026,2026-03-25 06:59:05,1970-01-01 06:59:05,6.9847222222222225
25_03_2026_FASTING_S1_001_pos.mzML,pos_mz_123.0438_04108,123.0438,pos,0.008614679952536142,3812338.4091796875,94,123.04383801328139,103,0.912621359223301,9.164553140995896e-05,S1,1,25_03_2026,2026-03-25 06:59:05,1970-01-01 06:59:05,6.9847222222222225
25_03_2026_FASTING_S1_001_pos.mzML,pos_mz_123.1167_04126,123.11665,pos,0.1348453533800062,59465202.3125,103,123.1166304094656,103,1.0,0.0013091781881554,S1,1,25_03_2026,2026-03-25 06:59:05,1970-01-01 06:59:05,6.9847222222222225
25_03_2026_FASTING_S1_001_pos.mzML,pos_mz_124.0183_04139,124.01835,pos,0.03861160102768562,16891460.359375,103,124.01834324961999,103,1.0,0.00037486991289015166,S1,1,25_03_2026,2026-03-25 06:59:05,1970-01-01 06:59:05,6.9847222222222225
25_03_2026_FASTING_S1_001_pos.mzML,pos_mz_124.0968_04154,124.09675,pos,0.010721965278105478,4687617.873046875,85,124.09669446592176,103,0.8252427184466019,0.00012614076797771152,S1,1,25_03_2026,2026-03-25 06:59:05,1970-01-01 06:59:05,6.9847222222222225
25_03_2026_FASTING_S1_001_pos.mzML,pos_mz_124.1199_04155,124.1199,pos,0.00742942296211968,3305721.1142578125,96,124.12001214227008,103,0.9320388349514563,7.738982252208e-05,S1,1,25_03_2026,2026-03-25 06:59:05,1970-01-01 06:59:05,6.9847222222222225
25_03_2026_FASTING_S1_001_pos.mzML,pos_mz_125.0024_04177,125.00240000000001,pos,0.3235216344090051,143973476.28125,103,125.00236878615402,103,1.0,0.003140986741835001,S1,1,25_03_2026,2026-03-25 06:59:05,1970-01-01 06:59:05,6.9847222222222225
25_03_2026_FASTING_S1_001_pos.mzML,pos_mz_125.0188_04180,125.01879999999998,pos,0.006156931789588367,2677170.2509765625,102,125.01874698393763,103,0.9902912621359223,6.0362076368513404e-05,S1,1,25_03_2026,2026-03-25 06:59:05,1970-01-01 06:59:05,6.9847222222222225
25_03_2026_FASTING_S1_001_pos.mzML,pos_mz_125.0594_04198,125.05936,pos,0.027308950504445473,12197591.7265625,90,125.05948045327737,103,0.8737864077669902,0.00030343278338272747,S1,1,25_03_2026,2026-03-25 06:59:05,1970-01-01 06:59:05,6.9847222222222225
25_03_2026_FASTING_S1_001_pos.mzML,pos_mz_125.0958_04207,125.09582499999999,pos,0.07614789913151596,33341538.734375,103,125.09591666420268,103,1.0,0.000739299991568116,S1,1,25_03_2026,2026-03-25 06:59:05,1970-01-01 06:59:05,6.9847222222222225
25_03_2026_FASTING_S1_001_pos.mzML,pos_mz_125.9526_04225,125.9526,pos,0.1082017245304965,47586238.8125,103,125.95263185782314,103,1.0,0.0010505021799077328,S1,1,25_03_2026,2026-03-25 06:59:05,1970-01-01 06:59:05,6.9847222222222225
25_03_2026_FASTING_S1_001_pos.mzML,pos_mz_126.9367_04274,126.93665,pos,0.03728301378304976,16798776.86328125,103,126.93662718187568,103,1.0,0.00036197100760242487,S1,1,25_03_2026,2026-03-25 06:59:05,1970-01-01 06:59:05,6.9847222222222225
25_03_2026_FASTING_S1_001_pos.mzML,pos_mz_126.9513_04278,126.95129999999999,pos,0.01638737641558289,7288827.345703125,103,126.95125192082074,103,1.0,0.000159100741898863,S1,1,25_03_2026,2026-03-25 06:59:05,1970-01-01 06:59:05,6.9847222222222225
25_03_2026_FASTING_S1_001_pos.mzML,pos_mz_126.9939_04285,126.99385000000001,pos,0.026341022624933444,11896398.9140625,94,126.99379613174861,103,0.912621359223301,0.00028022364494610045,S1,1,25_03_2026,2026-03-25 06:59:05,1970-01-01 06:59:05,6.9847222222222225
25_03_2026_FASTING_S1_001_pos.mzML,pos_mz_126.9980_04288,126.99795,pos,0.0860437852261336,38773596.359375,103,126.99800280400072,103,1.0,0.00083537655559353,S1,1,25_03_2026,2026-03-25 06:59:05,1970-01-01 06:59:05,6.9847222222222225
25_03_2026_FASTING_S1_001_pos.mzML,pos_mz_127.0238_04297,127.02380000000001,pos,0.040593968182067244,18165132.76953125,103,127.02380734312602,103,1.0,0.00039411619594240045,S1,1,25_03_2026,2026-03-25 06:59:05,1970-01-01 06:59:05,6.9847222222222225
25_03_2026_FASTING_S1_001_pos.mzML,pos_mz_127.0387_04302,127.03865,pos,0.011485865249392895,5108576.630859375,87,127.03872341421098,103,0.8446601941747572,0.0001320214396481942,S1,1,25_03_2026,2026-03-25 06:59:05,1970-01-01 06:59:05,6.9847222222222225
25_03_2026_FASTING_S1_001_pos.mzML,pos_mz_127.0727_04310,127.07275,pos,0.004462518135407729,1944211.4165039062,84,127.07273504350923,103,0.8155339805825242,5.3125215897711056e-05,S1,1,25_03_2026,2026-03-25 06:59:05,1970-01-01 06:59:05,6.9847222222222225
25_03_2026_FASTING_S1_001_pos.mzML,pos_mz_127.0752_04313,127.07515000000001,pos,0.0690187978225976,30251856.6328125,103,127.07516303313693,103,1.0,0.0006700854157533747,S1,1,25_03_2026,2026-03-25 06:59:05,1970-01-01 06:59:05,6.9847222222222225
25_03_2026_FASTING_S1_001_pos.mzML,pos_mz_127.1115_04316,127.11155,pos,0.12633020145963075,55133078.046875,103,127.11157535229948,103,1.0,0.0012265068102876773,S1,1,25_03_2026,2026-03-25 06:59:05,1970-01-01 06:59:05,6.9847222222222225
25_03_2026_FASTING_S1_001_pos.mzML,pos_mz_127.9494_04331,127.9494,pos,0.051095020614628,22524208.5234375,102,127.9494941964146,103,0.9902912621359223,0.0005009315746532157,S1,1,25_03_2026,2026-03-25 06:59:05,1970-01-01 06:59:05,6.9847222222222225
25_03_2026_FASTING_S1_001_pos.mzML,pos_mz_128.0785_04355,128.07854999999998,pos,0.003279404311599528,1438280.27734375,87,128.07851534779766,103,0.8446601941747572,3.7694302432178485e-05,S1,1,25_03_2026,2026-03-25 06:59:05,1970-01-01 06:59:05,6.9847222222222225
25_03_2026_FASTING_S1_001_pos.mzML,pos_mz_128.1068_04356,128.10684999999998,pos,0.1538823659251728,67876901.546875,103,128.10682377562122,103,1.0,0.0014940035526715804,S1,1,25_03_2026,2026-03-25 06:59:05,1970-01-01 06:59:05,6.9847222222222225
25_03_2026_FASTING_S1_001_pos.mzML,pos_mz_128.9504_04368,128.95043333333334,pos,0.00474537715744887,2098043.0532226562,83,128.95055422636844,103,0.8058252427184466,5.717321876444422e-05,S1,1,25_03_2026,2026-03-25 06:59:05,1970-01-01 06:59:05,6.9847222222222225
25_03_2026_FASTING_S1_001_pos.mzML,pos_mz_128.9856_04373,128.9856,pos,0.00503685355939184,2176196.3994140625,83,128.98564348262644,103,0.8058252427184466,6.0684982643275184e-05,S1,1,25_03_2026,2026-03-25 06:59:05,1970-01-01 06:59:05,6.9847222222222225
25_03_2026_FASTING_S1_001_pos.mzML,pos_mz_129.0212_04379,129.0212,pos,0.0035369305568495684,1571149.5268554688,84,129.0213151715903,103,0.8155339805825242,4.210631615297105e-05,S1,1,25_03_2026,2026-03-25 06:59:05,1970-01-01 06:59:05,6.9847222222222225
25_03_2026_FASTING_S1_001_pos.mzML,pos_mz_129.0543_04387,129.05435,pos,0.031330798016573076,13789140.640625,103,129.05435671160745,103,1.0,0.0003041825050152726,S1,1,25_03_2026,2026-03-25 06:59:05,1970-01-01 06:59:05,6.9847222222222225
25_03_2026_FASTING_S1_001_pos.mzML,pos_mz_129.0908_04396,129.09085,pos,0.057190088537544204,24982679.234375,103,129.0907999846306,103,1.0,0.0005552435780344097,S1,1,25_03_2026,2026-03-25 06:59:05,1970-01-01 06:59:05,6.9847222222222225
25_03_2026_FASTING_S1_001_pos.mzML,pos_mz_129.1101_04400,129.11005,pos,0.006173799838870146,2748092.5830078125,87,129.11011693033458,103,0.8446601941747572,7.09632165387373e-05,S1,1,25_03_2026,2026-03-25 06:59:05,1970-01-01 06:59:05,6.9847222222222225
25_03_2026_FASTING_S1_001_pos.mzML,pos_mz_130.0861_04433,130.08610000000002,pos,0.006262496993189099,2751456.7265625,103,130.08606228893655,103,1.0,6.080094168144756e-05,S1,1,25_03_2026,2026-03-25 06:59:05,1970-01-01 06:59:05,6.9847222222222225
25_03_2026_FASTING_S1_001_pos.mzML,pos_mz_130.9651_04453,130.96505000000002,pos,0.03138206455034411,13890541.0390625,103,130.9649941665337,103,1.0,0.00030468023835285545,S1,1,25_03_2026,2026-03-25 06:59:05,1970-01-01 06:59:05,6.9847222222222225
25_03_2026_FASTING_S1_001_pos.mzML,pos_mz_132.0476_04508,132.04755,pos,0.009603616532221308,4261554.763671875,96,132.04756207071995,103,0.9320388349514563,0.00010003767221063862,S1,1,25_03_2026,2026-03-25 06:59:05,1970-01-01 06:59:05,6.9847222222222225
25_03_2026_FASTING_S1_001_pos.mzML,pos_mz_132.9807_04543,132.98072,pos,0.1310456726263249,57098919.328125,103,132.98067626580345,103,1.0,0.0012722880837507274,S1,1,25_03_2026,2026-03-25 06:59:05,1970-01-01 06:59:05,6.9847222222222225
25_03_2026_FASTING_S1_001_pos.mzML,pos_mz_133.0073_04547,133.0073,pos,0.020751990119345157,9214797.224609375,92,133.0074007018642,103,0.8932038834951457,0.00022556510999288213,S1,1,25_03_2026,2026-03-25 06:59:05,1970-01-01 06:59:05,6.9847222222222225
25_03_2026_FASTING_S1_001_pos.mzML,pos_mz_133.0645_04568,133.0645,pos,0.005852511447269079,2585774.7172851562,94,133.0645917615297,103,0.912621359223301,6.226076007733063e-05,S1,1,25_03_2026,2026-03-25 06:59:05,1970-01-01 06:59:05,6.9847222222222225
25_03_2026_FASTING_S1_001_pos.mzML,pos_mz_133.0793_04572,133.07925,pos,0.2816839316301159,124500287.125,103,133.07925863061925,103,1.0,0.002734795452719572,S1,1,25_03_2026,2026-03-25 06:59:05,1970-01-01 06:59:05,6.9847222222222225
25_03_2026_FASTING_S1_001_pos.mzML,pos_mz_134.0027_04605,134.00265000000002,pos,0.03135236501286633,13892056.8359375,103,134.0026505904827,103,1.0,0.00030439189332879933,S1,1,25_03_2026,2026-03-25 06:59:05,1970-01-01 06:59:05,6.9847222222222225
25_03_2026_FASTING_S1_001_pos.mzML,pos_mz_134.0827_04626,134.08274,pos,0.007905458361737254,3550555.7763671875,90,134.08259108176713,103,0.8737864077669902,8.783842624152503e-05,S1,1,25_03_2026,2026-03-25 06:59:05,1970-01-01 06:59:05,6.9847222222222225
25_03_2026_FASTING_S1_001_pos.mzML,pos_mz_134.9867_04661,134.9867,pos,0.8231496965969342,366837417.0,103,134.98670377421814,103,1.0,0.0079917446271547,S1,1,25_03_2026,2026-03-25 06:59:05,1970-01-01 06:59:05,6.9847222222222225
25_03_2026_FASTING_S1_001_pos.mzML,pos_mz_135.0135_04671,135.01345,pos,0.005792715416843567,2530627.7607421875,85,135.0135865979566,103,0.8252427184466019,6.814959313933608e-05,S1,1,25_03_2026,2026-03-25 06:59:05,1970-01-01 06:59:05,6.9847222222222225
25_03_2026_FASTING_S1_001_pos.mzML,pos_mz_135.0231_04675,135.02306666666667,pos,0.06777714001657964,30163249.2734375,103,135.02303696156346,103,1.0,0.0006580304855978606,S1,1,25_03_2026,2026-03-25 06:59:05,1970-01-01 06:59:05,6.9847222222222225
25_03_2026_FASTING_S1_001_pos.mzML,pos_mz_135.0748_04695,135.07485,pos,0.006259431355443074,2787696.134765625,88,135.07492072682888,103,0.8543689320388349,7.112990176639856e-05,S1,1,25_03_2026,2026-03-25 06:59:05,1970-01-01 06:59:05,6.9847222222222225
25_03_2026_FASTING_S1_001_pos.mzML,pos_mz_135.1014_04703,135.10144,pos,0.09066569380903607,38852266.84765625,103,135.10137037722524,103,1.0,0.0008802494544566608,S1,1,25_03_2026,2026-03-25 06:59:05,1970-01-01 06:59:05,6.9847222222222225
25_03_2026_FASTING_S1_001_pos.mzML,pos_mz_136.0185_04755,136.01845,pos,0.2841443224284345,122090641.96875,103,136.01841233585097,103,1.0,0.0027586827420236363,S1,1,25_03_2026,2026-03-25 06:59:05,1970-01-01 06:59:05,6.9847222222222225
25_03_2026_FASTING_S1_001_pos.mzML,pos_mz_136.0213_04756,136.02129999999997,pos,0.2359131254958398,103706028.3125,103,136.02135047827565,103,1.0,0.002290418694134367,S1,1,25_03_2026,2026-03-25 06:59:05,1970-01-01 06:59:05,6.9847222222222225
25_03_2026_FASTING_S1_001_pos.mzML,pos_mz_136.0547_04768,136.05474999999998,pos,0.3440093112938515,151581842.65625,103,136.05472108514283,103,1.0,0.003339896226153898,S1,1,25_03_2026,2026-03-25 06:59:05,1970-01-01 06:59:05,6.9847222222222225
25_03_2026_FASTING_S1_001_pos.mzML,pos_mz_136.9529_04831,136.95290000000003,pos,0.021748365465252054,9723602.51171875,100,136.95298550018563,103,0.970873786407767,0.00021748365465252054,S1,1,25_03_2026,2026-03-25 06:59:05,1970-01-01 06:59:05,6.9847222222222225
25_03_2026_FASTING_S1_001_pos.mzML,pos_mz_136.9896_04848,136.98960000000002,pos,0.011708211262314151,5204946.8544921875,102,136.98957837726093,103,0.9902912621359223,0.00011478638492464853,S1,1,25_03_2026,2026-03-25 06:59:05,1970-01-01 06:59:05,6.9847222222222225
25_03_2026_FASTING_S1_001_pos.mzML,pos_mz_137.0024_04854,137.0024,pos,2.2927816903574563,999167446.5,103,137.00237158426765,103,1.0,0.02226001641123744,S1,1,25_03_2026,2026-03-25 06:59:05,1970-01-01 06:59:05,6.9847222222222225
25_03_2026_FASTING_S1_001_pos.mzML,pos_mz_137.0246_04868,137.02455,pos,0.00968662142860496,4302356.9267578125,89,137.02466674115666,103,0.8640776699029126,0.00010883844301803326,S1,1,25_03_2026,2026-03-25 06:59:05,1970-01-01 06:59:05,6.9847222222222225
25_03_2026_FASTING_S1_001_pos.mzML,pos_mz_137.0388_04873,137.03875000000002,pos,1.5314080967660288,682187613.5,103,137.03869016732165,103,1.0,0.014868039774427464,S1,1,25_03_2026,2026-03-25 06:59:05,1970-01-01 06:59:05,6.9847222222222225
25_03_2026_FASTING_S1_001_pos.mzML,pos_mz_137.0593_04890,137.05929999999998,pos,0.011621032495979282,5161906.62890625,84,137.05941291875155,103,0.8155339805825242,0.00013834562495213432,S1,1,25_03_2026,2026-03-25 06:59:05,1970-01-01 06:59:05,6.9847222222222225
25_03_2026_FASTING_S1_001_pos.mzML,pos_mz_137.1322_04918,137.13225,pos,1.364726300218082,609628634.25,103,137.13226208320683,103,1.0,0.013249769905029922,S1,1,25_03_2026,2026-03-25 06:59:05,1970-01-01 06:59:05,6.9847222222222225
25_03_2026_FASTING_S1_001_pos.mzML,pos_mz_137.9972_04946,137.9972,pos,0.006337630107741677,2807640.9384765625,97,137.99723384625963,103,0.941747572815534,6.533639286331626e-05,S1,1,25_03_2026,2026-03-25 06:59:05,1970-01-01 06:59:05,6.9847222222222225
25_03_2026_FASTING_S1_001_pos.mzML,pos_mz_138.0055_04949,138.00553333333332,pos,0.030025374695481024,13273026.57421875,103,138.0055929998572,103,1.0,0.00029150849218913613,S1,1,25_03_2026,2026-03-25 06:59:05,1970-01-01 06:59:05,6.9847222222222225
25_03_2026_FASTING_S1_001_pos.mzML,pos_mz_138.0421_04964,138.04215,pos,0.02507420671595115,11442557.34765625,83,138.04208648979005,103,0.8058252427184466,0.000302098876095797,S1,1,25_03_2026,2026-03-25 06:59:05,1970-01-01 06:59:05,6.9847222222222225
25_03_2026_FASTING_S1_001_pos.mzML,pos_mz_138.1356_04990,138.1356,pos,0.11638740845863371,52752065.390625,103,138.135601313963,103,1.0,0.0011299748394042108,S1,1,25_03_2026,2026-03-25 06:59:05,1970-01-01 06:59:05,6.9847222222222225
25_03_2026_FASTING_S1_001_pos.mzML,pos_mz_138.9811_05027,138.9811,pos,0.020935287160771393,9622148.958984375,87,138.9812295230778,103,0.8446601941747572,0.00024063548460656774,S1,1,25_03_2026,2026-03-25 06:59:05,1970-01-01 06:59:05,6.9847222222222225
25_03_2026_FASTING_S1_001_pos.mzML,pos_mz_138.9980_05034,138.99795,pos,0.26166098791652115,114262549.375,103,138.9979793516992,103,1.0,0.0025403979409370984,S1,1,25_03_2026,2026-03-25 06:59:05,1970-01-01 06:59:05,6.9847222222222225
25_03_2026_FASTING_S1_001_pos.mzML,pos_mz_139.0344_05047,139.03435000000002,pos,0.19677206155313443,88649660.96875,103,139.034343702906,103,1.0,0.001910408364593538,S1,1,25_03_2026,2026-03-25 06:59:05,1970-01-01 06:59:05,6.9847222222222225
25_03_2026_FASTING_S1_001_pos.mzML,pos_mz_139.0428_05053,139.0428,pos,0.006598834952781432,2988661.7666015625,101,139.04287564722685,103,0.9805825242718447,6.533499953248943e-05,S1,1,25_03_2026,2026-03-25 06:59:05,1970-01-01 06:59:05,6.9847222222222225
25_03_2026_FASTING_S1_001_pos.mzML,pos_mz_139.1115_05083,139.1115,pos,0.08999604300700266,39501390.765625,102,139.11149772362447,103,0.9902912621359223,0.000882314147127477,S1,1,25_03_2026,2026-03-25 06:59:05,1970-01-01 06:59:05,6.9847222222222225
25_03_2026_FASTING_S1_001_pos.mzML,pos_mz_139.9955_05106,139.99550000000002,pos,0.0027451939993336743,1224208.9545898438,84,139.9954462271364,103,0.8155339805825242,3.2680880944448505e-05,S1,1,25_03_2026,2026-03-25 06:59:05,1970-01-01 06:59:05,6.9847222222222225
25_03_2026_FASTING_S1_001_pos.mzML,pos_mz_141.0145_05164,141.01451428571428,pos,0.010652359403354383,4722708.9140625,83,141.01438911638203,103,0.8058252427184466,0.00012834167955848655,S1,1,25_03_2026,2026-03-25 06:59:05,1970-01-01 06:59:05,6.9847222222222225
25_03_2026_FASTING_S1_001_pos.mzML,pos_mz_141.0543_05180,141.0543,pos,0.019341926822088528,8557806.89453125,103,141.0543502056032,103,1.0,0.00018778569730183036,S1,1,25_03_2026,2026-03-25 06:59:05,1970-01-01 06:59:05,6.9847222222222225
25_03_2026_FASTING_S1_001_pos.mzML,pos_mz_141.0907_05189,141.09068,pos,0.07108560285085383,31240439.53125,103,141.09075144526386,103,1.0,0.0006901514839888722,S1,1,25_03_2026,2026-03-25 06:59:05,1970-01-01 06:59:05,6.9847222222222225
25_03_2026_FASTING_S1_001_pos.mzML,pos_mz_141.1272_05192,141.1272,pos,0.023125960530973103,10228419.2265625,103,141.12712533874003,103,1.0,0.0002245238886502243,S1,1,25_03_2026,2026-03-25 06:59:05,1970-01-01 06:59:05,6.9847222222222225
25_03_2026_FASTING_S1_001_pos.mzML,pos_mz_142.0862_05218,142.08615,pos,0.0030130117787534167,1321234.1411132812,84,142.08604306509494,103,0.8155339805825242,3.5869187842302576e-05,S1,1,25_03_2026,2026-03-25 06:59:05,1970-01-01 06:59:05,6.9847222222222225
25_03_2026_FASTING_S1_001_pos.mzML,pos_mz_142.0940_05219,142.09404999999998,pos,0.004070119058578568,1798985.828125,86,142.09411527992438,103,0.8349514563106796,4.732696579742521e-05,S1,1,25_03_2026,2026-03-25 06:59:05,1970-01-01 06:59:05,6.9847222222222225
25_03_2026_FASTING_S1_001_pos.mzML,pos_mz_142.1224_05222,142.12235,pos,0.015168375574010289,6710026.345703125,103,142.12237975129767,103,1.0,0.00014726578227194456,S1,1,25_03_2026,2026-03-25 06:59:05,1970-01-01 06:59:05,6.9847222222222225
25_03_2026_FASTING_S1_001_pos.mzML,pos_mz_142.9318_05233,142.9318,pos,0.004799149473786733,2183405.0732421875,88,142.93181067819177,103,0.8543689320388349,5.4535789474849235e-05,S1,1,25_03_2026,2026-03-25 06:59:05,1970-01-01 06:59:05,6.9847222222222225
25_03_2026_FASTING_S1_001_pos.mzML,pos_mz_142.9635_05238,142.96355,pos,0.005405128857057693,2422787.9975585938,96,142.9636058497759,103,0.9320388349514563,5.630342559435097e-05,S1,1,25_03_2026,2026-03-25 06:59:05,1970-01-01 06:59:05,6.9847222222222225
25_03_2026_FASTING_S1_001_pos.mzML,pos_mz_143.0014_05246,143.00135,pos,1.5458333025991369,684192275.25,103,143.00135778080042,103,1.0,0.015008090316496475,S1,1,25_03_2026,2026-03-25 06:59:05,1970-01-01 06:59:05,6.9847222222222225
25_03_2026_FASTING_S1_001_pos.mzML,pos_mz_143.0700_05267,143.07,pos,0.02656973960124172,11730493.498046875,103,143.07002116177557,103,1.0,0.0002579586369052594,S1,1,25_03_2026,2026-03-25 06:59:05,1970-01-01 06:59:05,6.9847222222222225
25_03_2026_FASTING_S1_001_pos.mzML,pos_mz_143.1063_05273,143.1063333333333,pos,0.07383526407980379,32284697.8515625,103,143.10639863889068,103,1.0,0.0007168472240757649,S1,1,25_03_2026,2026-03-25 06:59:05,1970-01-01 06:59:05,6.9847222222222225
25_03_2026_FASTING_S1_001_pos.mzML,pos_mz_143.9475_05285,143.94750000000002,pos,0.00618537272230484,2846783.2802734375,87,143.94756280197402,103,0.8446601941747572,7.109623818741196e-05,S1,1,25_03_2026,2026-03-25 06:59:05,1970-01-01 06:59:05,6.9847222222222225
25_03_2026_FASTING_S1_001_pos.mzML,pos_mz_143.9630_05288,143.96304999999998,pos,0.005687316381079563,2517180.7578125,91,143.96305893670936,103,0.883495145631068,6.249798220966552e-05,S1,1,25_03_2026,2026-03-25 06:59:05,1970-01-01 06:59:05,6.9847222222222225
25_03_2026_FASTING_S1_001_pos.mzML,pos_mz_144.0046_05295,144.0046,pos,0.04058398518461317,18242974.328125,103,144.00466488227698,103,1.0,0.00039401927363702104,S1,1,25_03_2026,2026-03-25 06:59:05,1970-01-01 06:59:05,6.9847222222222225
25_03_2026_FASTING_S1_001_pos.mzML,pos_mz_144.1379_05312,144.13795,pos,0.007692021294148981,3416820.994140625,89,144.13800141055677,103,0.8640776699029126,8.642720555223573e-05,S1,1,25_03_2026,2026-03-25 06:59:05,1970-01-01 06:59:05,6.9847222222222225
25_03_2026_FASTING_S1_001_pos.mzML,pos_mz_145.0342_05334,145.0341857142857,pos,0.03739352981360288,16711678.54296875,103,145.0342801970134,103,1.0,0.0003630439787728435,S1,1,25_03_2026,2026-03-25 06:59:05,1970-01-01 06:59:05,6.9847222222222225
25_03_2026_FASTING_S1_001_pos.mzML,pos_mz_145.0857_05342,145.08575,pos,0.009244933034839297,4073181.107421875,102,145.0856579135361,103,0.9902912621359223,9.063659838077741e-05,S1,1,25_03_2026,2026-03-25 06:59:05,1970-01-01 06:59:05,6.9847222222222225
25_03_2026_FASTING_S1_001_pos.mzML,pos_mz_146.9865_05400,146.98653333333334,pos,0.16059550733257746,70535399.640625,103,146.98661983984687,103,1.0,0.001559179682840558,S1,1,25_03_2026,2026-03-25 06:59:05,1970-01-01 06:59:05,6.9847222222222225
25_03_2026_FASTING_S1_001_pos.mzML,pos_mz_147.0229_05408,147.02294999999998,pos,0.11914451751595721,53483009.859375,103,147.0229716480548,103,1.0,0.001156742888504439,S1,1,25_03_2026,2026-03-25 06:59:05,1970-01-01 06:59:05,6.9847222222222225
25_03_2026_FASTING_S1_001_pos.mzML,pos_mz_148.0544_05456,148.0544,pos,0.00709803231980799,3101261.1787109375,87,148.05450659467505,103,0.8446601941747572,8.158657838859758e-05,S1,1,25_03_2026,2026-03-25 06:59:05,1970-01-01 06:59:05,6.9847222222222225
25_03_2026_FASTING_S1_001_pos.mzML,pos_mz_148.9426_05471,148.9426,pos,0.006816618430009867,3094593.9375,86,148.9427306158683,103,0.8349514563106796,7.926300500011473e-05,S1,1,25_03_2026,2026-03-25 06:59:05,1970-01-01 06:59:05,6.9847222222222225
25_03_2026_FASTING_S1_001_pos.mzML,pos_mz_148.9755_05477,148.97555,pos,0.005921826443155073,2643427.6962890625,97,148.97548493139513,103,0.941747572815534,6.104975714592859e-05,S1,1,25_03_2026,2026-03-25 06:59:05,1970-01-01 06:59:05,6.9847222222222225
25_03_2026_FASTING_S1_001_pos.mzML,pos_mz_149.0134_05485,149.0134,pos,0.0056858649389563845,2516548.830078125,95,149.0134924241314,103,0.9223300970873787,5.985120988375142e-05,S1,1,25_03_2026,2026-03-25 06:59:05,1970-01-01 06:59:05,6.9847222222222225
25_03_2026_FASTING_S1_001_pos.mzML,pos_mz_149.0185_05488,149.0185,pos,0.012974304720282897,5918089.73046875,89,149.0186306731511,103,0.8640776699029126,0.00014577870472227974,S1,1,25_03_2026,2026-03-25 06:59:05,1970-01-01 06:59:05,6.9847222222222225
25_03_2026_FASTING_S1_001_pos.mzML,pos_mz_149.0230_05492,149.02297142857142,pos,0.04991303540157849,22119975.140625,103,149.0230584964505,103,1.0,0.0004845925767143542,S1,1,25_03_2026,2026-03-25 06:59:05,1970-01-01 06:59:05,6.9847222222222225
25_03_2026_FASTING_S1_001_pos.mzML,pos_mz_149.0385_05497,149.03853333333333,pos,0.05265564375636882,23748248.40234375,103,149.03860829364373,103,1.0,0.0005112198422948429,S1,1,25_03_2026,2026-03-25 06:59:05,1970-01-01 06:59:05,6.9847222222222225
25_03_2026_FASTING_S1_001_pos.mzML,pos_mz_149.1170_05519,149.11695,pos,0.09852734479411825,42176173.6171875,102,149.11694343572526,103,0.9902912621359223,0.0009659543607266495,S1,1,25_03_2026,2026-03-25 06:59:05,1970-01-01 06:59:05,6.9847222222222225
25_03_2026_FASTING_S1_001_pos.mzML,pos_mz_149.1320_05521,149.132,pos,0.012366623026513984,5610603.927734375,90,149.132167702375,103,0.8737864077669902,0.00013740692251682204,S1,1,25_03_2026,2026-03-25 06:59:05,1970-01-01 06:59:05,6.9847222222222225
25_03_2026_FASTING_S1_001_pos.mzML,pos_mz_150.0885_05552,150.0885,pos,0.018350740024074018,8247831.42578125,100,150.08866334609445,103,0.970873786407767,0.00018350740024074017,S1,1,25_03_2026,2026-03-25 06:59:05,1970-01-01 06:59:05,6.9847222222222225
25_03_2026_FASTING_S1_001_pos.mzML,pos_mz_150.9909_05575,150.99093333333334,pos,0.02185012060862957,9507644.556640625,89,150.99105056669197,103,0.8640776699029126,0.00024550697313066935,S1,1,25_03_2026,2026-03-25 06:59:05,1970-01-01 06:59:05,6.9847222222222225
25_03_2026_FASTING_S1_001_pos.mzML,pos_mz_151.0178_05581,151.0177857142857,pos,0.04940734168986288,21723447.1796875,103,151.01785329605497,103,1.0,0.00047968292902779495,S1,1,25_03_2026,2026-03-25 06:59:05,1970-01-01 06:59:05,6.9847222222222225
25_03_2026_FASTING_S1_001_pos.mzML,pos_mz_151.0751_05604,151.07505,pos,0.012963570889117983,5757909.5400390625,102,151.07505400281036,103,0.9902912621359223,0.00012709383224625474,S1,1,25_03_2026,2026-03-25 06:59:05,1970-01-01 06:59:05,6.9847222222222225
25_03_2026_FASTING_S1_001_pos.mzML,pos_mz_151.1115_05614,151.11145000000002,pos,0.17728767662437334,78385444.796875,103,151.11150662587042,103,1.0,0.0017212395788774111,S1,1,25_03_2026,2026-03-25 06:59:05,1970-01-01 06:59:05,6.9847222222222225
25_03_2026_FASTING_S1_001_pos.mzML,pos_mz_151.1479_05619,151.14785,pos,0.027819850468029157,12489461.64453125,103,151.1478156823072,103,1.0,0.00027009563561193356,S1,1,25_03_2026,2026-03-25 06:59:05,1970-01-01 06:59:05,6.9847222222222225
25_03_2026_FASTING_S1_001_pos.mzML,pos_mz_152.1277_05658,152.12775,pos,0.10582817896473046,45634721.6484375,103,152.12785363769083,103,1.0,0.0010274580482012665,S1,1,25_03_2026,2026-03-25 06:59:05,1970-01-01 06:59:05,6.9847222222222225
25_03_2026_FASTING_S1_001_pos.mzML,pos_mz_152.9972_05677,152.99724999999998,pos,0.10414731096476994,47515555.8203125,86,152.99717380218567,103,0.8349514563106796,0.0012110152437763947,S1,1,25_03_2026,2026-03-25 06:59:05,1970-01-01 06:59:05,6.9847222222222225
25_03_2026_FASTING_S1_001_pos.mzML,pos_mz_153.0907_05705,153.09065,pos,0.050089089501289735,22098885.65625,103,153.09066830578715,103,1.0,0.00048630183981834694,S1,1,25_03_2026,2026-03-25 06:59:05,1970-01-01 06:59:05,6.9847222222222225
25_03_2026_FASTING_S1_001_pos.mzML,pos_mz_153.1270_05711,153.12705,pos,0.09280314486278823,41224082.421875,102,153.1270977356977,103,0.9902912621359223,0.0009098347535567474,S1,1,25_03_2026,2026-03-25 06:59:05,1970-01-01 06:59:05,6.9847222222222225
25_03_2026_FASTING_S1_001_pos.mzML,pos_mz_155.0312_05768,155.03118571428573,pos,0.0030558056359185335,1370532.7719726562,87,155.03118712210147,103,0.8446601941747572,3.512420271170728e-05,S1,1,25_03_2026,2026-03-25 06:59:05,1970-01-01 06:59:05,6.9847222222222225
25_03_2026_FASTING_S1_001_pos.mzML,pos_mz_155.0700_05777,155.07,pos,0.021779428685902606,9695497.927734375,103,155.0699470346783,103,1.0,0.000211450763940802,S1,1,25_03_2026,2026-03-25 06:59:05,1970-01-01 06:59:05,6.9847222222222225
25_03_2026_FASTING_S1_001_pos.mzML,pos_mz_155.1063_05784,155.10629999999998,pos,0.0716911737412785,31753697.2109375,103,155.10630672879327,103,1.0,0.0006960308130221213,S1,1,25_03_2026,2026-03-25 06:59:05,1970-01-01 06:59:05,6.9847222222222225
25_03_2026_FASTING_S1_001_pos.mzML,pos_mz_155.9901_05806,155.99006,pos,0.4575884366582143,201260027.8125,103,155.99011599586157,103,1.0,0.004442606181147711,S1,1,25_03_2026,2026-03-25 06:59:05,1970-01-01 06:59:05,6.9847222222222225
25_03_2026_FASTING_S1_001_pos.mzML,pos_mz_156.9741_05865,156.9741,pos,0.5856863636477372,261727846.875,103,156.97416015108948,103,1.0,0.00568627537522075,S1,1,25_03_2026,2026-03-25 06:59:05,1970-01-01 06:59:05,6.9847222222222225
25_03_2026_FASTING_S1_001_pos.mzML,pos_mz_157.0170_05878,157.01695,pos,0.004123738521358577,1851974.2998046875,91,157.01693749778693,103,0.883495145631068,4.531580792701733e-05,S1,1,25_03_2026,2026-03-25 06:59:05,1970-01-01 06:59:05,6.9847222222222225
25_03_2026_FASTING_S1_001_pos.mzML,pos_mz_157.0491_05891,157.04909999999998,pos,0.0037261915831277677,1679095.619140625,84,157.04921166268718,103,0.8155339805825242,4.43594236086639e-05,S1,1,25_03_2026,2026-03-25 06:59:05,1970-01-01 06:59:05,6.9847222222222225
25_03_2026_FASTING_S1_001_pos.mzML,pos_mz_157.0832_05896,157.08325,pos,0.2079294683332453,90682606.890625,103,157.08329476481782,103,1.0,0.0020187327022645174,S1,1,25_03_2026,2026-03-25 06:59:05,1970-01-01 06:59:05,6.9847222222222225
25_03_2026_FASTING_S1_001_pos.mzML,pos_mz_158.0121_05936,158.01205000000002,pos,0.009047316907415233,4036380.103515625,93,158.0120823341721,103,0.9029126213592233,9.728297749908853e-05,S1,1,25_03_2026,2026-03-25 06:59:05,1970-01-01 06:59:05,6.9847222222222225
25_03_2026_FASTING_S1_001_pos.mzML,pos_mz_158.1171_05966,158.1171,pos,0.009463468540700223,4230760.827636719,98,158.1171591910118,103,0.9514563106796117,9.656600551734922e-05,S1,1,25_03_2026,2026-03-25 06:59:05,1970-01-01 06:59:05,6.9847222222222225
25_03_2026_FASTING_S1_001_pos.mzML,pos_mz_158.9697_05996,158.96965,pos,0.034014168980257366,15241458.173828125,103,158.96959284579205,103,1.0,0.00033023465029376084,S1,1,25_03_2026,2026-03-25 06:59:05,1970-01-01 06:59:05,6.9847222222222225
25_03_2026_FASTING_S1_001_pos.mzML,pos_mz_158.9735_05999,158.97355,pos,0.05429412254945421,24452089.44921875,103,158.97357500227955,103,1.0,0.0005271274033927594,S1,1,25_03_2026,2026-03-25 06:59:05,1970-01-01 06:59:05,6.9847222222222225
25_03_2026_FASTING_S1_001_pos.mzML,pos_mz_159.0993_06030,159.0993,pos,0.006455527276125706,2863363.40625,90,159.09943456378156,103,0.8737864077669902,7.172808084584117e-05,S1,1,25_03_2026,2026-03-25 06:59:05,1970-01-01 06:59:05,6.9847222222222225
25_03_2026_FASTING_S1_001_pos.mzML,pos_mz_159.1164_06037,159.11635,pos,0.005131686424908136,2344406.3271484375,83,159.11646272707745,103,0.8058252427184466,6.182754728804983e-05,S1,1,25_03_2026,2026-03-25 06:59:05,1970-01-01 06:59:05,6.9847222222222225
25_03_2026_FASTING_S1_001_pos.mzML,pos_mz_160.9753_06099,160.97527142857143,pos,0.06422973139333704,28159160.4375,103,160.97540378280928,103,1.0,0.0006235896251780295,S1,1,25_03_2026,2026-03-25 06:59:05,1970-01-01 06:59:05,6.9847222222222225
25_03_2026_FASTING_S1_001_pos.mzML,pos_mz_161.0117_06111,161.0117,pos,0.039519778509717524,17674186.7578125,103,161.01173538188485,103,1.0,0.0003836871699972575,S1,1,25_03_2026,2026-03-25 06:59:05,1970-01-01 06:59:05,6.9847222222222225
25_03_2026_FASTING_S1_001_pos.mzML,pos_mz_161.0384_06117,161.03844999999998,pos,0.009927516340904339,4465262.30078125,97,161.03850338114165,103,0.941747572815534,0.0001023455292876736,S1,1,25_03_2026,2026-03-25 06:59:05,1970-01-01 06:59:05,6.9847222222222225
25_03_2026_FASTING_S1_001_pos.mzML,pos_mz_162.0578_06166,162.05780000000001,pos,0.009127955160651633,4085855.169921875,96,162.05789038522803,103,0.9320388349514563,9.508286625678784e-05,S1,1,25_03_2026,2026-03-25 06:59:05,1970-01-01 06:59:05,6.9847222222222225
25_03_2026_FASTING_S1_001_pos.mzML,pos_mz_163.0177_06202,163.0177375,pos,0.053674995763832646,23706631.25,103,163.01775242018047,103,1.0,0.0005211164637265306,S1,1,25_03_2026,2026-03-25 06:59:05,1970-01-01 06:59:05,6.9847222222222225
25_03_2026_FASTING_S1_001_pos.mzML,pos_mz_163.0541_06217,163.05409999999998,pos,0.007100273363962295,3187488.0810546875,96,163.0541209470911,103,0.9320388349514563,7.396118087460724e-05,S1,1,25_03_2026,2026-03-25 06:59:05,1970-01-01 06:59:05,6.9847222222222225
25_03_2026_FASTING_S1_001_pos.mzML,pos_mz_163.0751_06228,163.07505,pos,0.0186373804657835,8505491.33203125,83,163.0750407008255,103,0.8058252427184466,0.00022454675259980122,S1,1,25_03_2026,2026-03-25 06:59:05,1970-01-01 06:59:05,6.9847222222222225
25_03_2026_FASTING_S1_001_pos.mzML,pos_mz_163.0864_06233,163.08641428571426,pos,0.006144566739896161,2771605.5,84,163.08628989681537,103,0.8155339805825242,7.314960404638286e-05,S1,1,25_03_2026,2026-03-25 06:59:05,1970-01-01 06:59:05,6.9847222222222225
25_03_2026_FASTING_S1_001_pos.mzML,pos_mz_163.1323_06244,163.132325,pos,0.056177266553572976,24813934.1015625,103,163.1324839501991,103,1.0,0.000545410354889058,S1,1,25_03_2026,2026-03-25 06:59:05,1970-01-01 06:59:05,6.9847222222222225
25_03_2026_FASTING_S1_001_pos.mzML,pos_mz_163.1476_06247,163.1476,pos,0.00715923378853051,3217992.830078125,88,163.1476842655188,103,0.8543689320388349,8.135492941511943e-05,S1,1,25_03_2026,2026-03-25 06:59:05,1970-01-01 06:59:05,6.9847222222222225
25_03_2026_FASTING_S1_001_pos.mzML,pos_mz_164.0129_06260,164.0129,pos,0.019419472762374344,8500729.189453125,102,164.01299859782455,103,0.9902912621359223,0.00019038698786641515,S1,1,25_03_2026,2026-03-25 06:59:05,1970-01-01 06:59:05,6.9847222222222225
25_03_2026_FASTING_S1_001_pos.mzML,pos_mz_164.9972_06308,164.9972,pos,0.3590698721953932,158356260.21875,103,164.99722943979097,103,1.0,0.0034861152640329436,S1,1,25_03_2026,2026-03-25 06:59:05,1970-01-01 06:59:05,6.9847222222222225
25_03_2026_FASTING_S1_001_pos.mzML,pos_mz_165.0542_06325,165.05419999999998,pos,0.005371628227035707,2394595.671875,92,165.0542702147226,103,0.8932038834951457,5.838726333734464e-05,S1,1,25_03_2026,2026-03-25 06:59:05,1970-01-01 06:59:05,6.9847222222222225
25_03_2026_FASTING_S1_001_pos.mzML,pos_mz_165.1269_06343,165.12695,pos,0.011057007370757209,4919229.6337890625,100,165.12696535803022,103,0.970873786407767,0.00011057007370757209,S1,1,25_03_2026,2026-03-25 06:59:05,1970-01-01 06:59:05,6.9847222222222225
25_03_2026_FASTING_S1_001_pos.mzML,pos_mz_165.1633_06346,165.16325,pos,0.00558530485250745,2497083.35546875,85,165.1633871073133,103,0.8252427184466019,6.570946885302882e-05,S1,1,25_03_2026,2026-03-25 06:59:05,1970-01-01 06:59:05,6.9847222222222225
25_03_2026_FASTING_S1_001_pos.mzML,pos_mz_165.9684_06367,165.96835000000002,pos,0.02346993373485232,10820025.791015625,97,165.96822876498726,103,0.941747572815534,0.00024195807974074557,S1,1,25_03_2026,2026-03-25 06:59:05,1970-01-01 06:59:05,6.9847222222222225
25_03_2026_FASTING_S1_001_pos.mzML,pos_mz_166.9676_06411,166.96765,pos,0.03708098887867803,16852858.3828125,103,166.96776403456334,103,1.0,0.00036000960076386433,S1,1,25_03_2026,2026-03-25 06:59:05,1970-01-01 06:59:05,6.9847222222222225
25_03_2026_FASTING_S1_001_pos.mzML,pos_mz_166.9707_06413,166.97070000000002,pos,0.00785129207107508,3606526.923828125,89,166.97081015883893,103,0.8640776699029126,8.821676484354021e-05,S1,1,25_03_2026,2026-03-25 06:59:05,1970-01-01 06:59:05,6.9847222222222225
25_03_2026_FASTING_S1_001_pos.mzML,pos_mz_167.0701_06438,167.07014999999998,pos,0.004920041725994843,2203586.9521484375,85,167.0699848938052,103,0.8252427184466019,5.788284383523345e-05,S1,1,25_03_2026,2026-03-25 06:59:05,1970-01-01 06:59:05,6.9847222222222225
25_03_2026_FASTING_S1_001_pos.mzML,pos_mz_167.1039_06445,167.10389999999998,pos,0.017078942248462643,7509592.53515625,103,167.10393388995809,103,1.0,0.00016581497328604507,S1,1,25_03_2026,2026-03-25 06:59:05,1970-01-01 06:59:05,6.9847222222222225
25_03_2026_FASTING_S1_001_pos.mzML,pos_mz_168.9645_06500,168.9645,pos,0.018268889216310636,8276338.3515625,101,168.9645654383404,103,0.9805825242718447,0.00018088009125060035,S1,1,25_03_2026,2026-03-25 06:59:05,1970-01-01 06:59:05,6.9847222222222225
25_03_2026_FASTING_S1_001_pos.mzML,pos_mz_169.0857_06523,169.08571428571426,pos,0.014559256774181,6586835.853515625,91,169.08560748399773,103,0.883495145631068,0.0001599918326833077,S1,1,25_03_2026,2026-03-25 06:59:05,1970-01-01 06:59:05,6.9847222222222225
25_03_2026_FASTING_S1_001_pos.mzML,pos_mz_169.1218_06532,169.121825,pos,0.04394552931254752,19404146.26953125,103,169.12193318811725,103,1.0,0.00042665562439366526,S1,1,25_03_2026,2026-03-25 06:59:05,1970-01-01 06:59:05,6.9847222222222225
25_03_2026_FASTING_S1_001_pos.mzML,pos_mz_170.9632_06597,170.96318571428574,pos,0.01049379463043537,4693596.775390625,84,170.96330600031473,103,0.8155339805825242,0.000124926126552802,S1,1,25_03_2026,2026-03-25 06:59:05,1970-01-01 06:59:05,6.9847222222222225
25_03_2026_FASTING_S1_001_pos.mzML,pos_mz_171.0990_06623,171.09895,pos,0.059352004169232565,25947356.3359375,83,171.09891225330503,103,0.8058252427184466,0.0007150843875811153,S1,1,25_03_2026,2026-03-25 06:59:05,1970-01-01 06:59:05,6.9847222222222225
25_03_2026_FASTING_S1_001_pos.mzML,pos_mz_171.1011_06625,171.1011,pos,0.021249664482849834,9566983.913085938,102,171.10121820683418,103,0.9902912621359223,0.00020833004394950818,S1,1,25_03_2026,2026-03-25 06:59:05,1970-01-01 06:59:05,6.9847222222222225
25_03_2026_FASTING_S1_001_pos.mzML,pos_mz_171.1374_06634,171.13739999999999,pos,0.02459321356430854,10921508.646484375,102,171.1375437215692,103,0.9902912621359223,0.00024110993690498568,S1,1,25_03_2026,2026-03-25 06:59:05,1970-01-01 06:59:05,6.9847222222222225
25_03_2026_FASTING_S1_001_pos.mzML,pos_mz_171.1489_06639,171.14894999999999,pos,0.9962323125476163,439961936.875,103,171.14895432513381,103,1.0,0.009672158374248702,S1,1,25_03_2026,2026-03-25 06:59:05,1970-01-01 06:59:05,6.9847222222222225
25_03_2026_FASTING_S1_001_pos.mzML,pos_mz_172.1690_06694,172.169,pos,0.011863085625381919,5279470.185546875,91,172.1690814186688,103,0.883495145631068,0.0001303635783009002,S1,1,25_03_2026,2026-03-25 06:59:05,1970-01-01 06:59:05,6.9847222222222225
25_03_2026_FASTING_S1_001_pos.mzML,pos_mz_173.0117_06729,173.0117,pos,0.06782631326760279,30356075.453125,101,173.0117726532406,103,0.9805825242718447,0.0006715476561148791,S1,1,25_03_2026,2026-03-25 06:59:05,1970-01-01 06:59:05,6.9847222222222225
25_03_2026_FASTING_S1_001_pos.mzML,pos_mz_173.0806_06747,173.08055000000002,pos,0.0038113254743436646,1716288.8637695312,83,173.0805544549648,103,0.8058252427184466,4.5919584028236924e-05,S1,1,25_03_2026,2026-03-25 06:59:05,1970-01-01 06:59:05,6.9847222222222225
25_03_2026_FASTING_S1_001_pos.mzML,pos_mz_173.1531_06766,173.1531,pos,0.003932072039043567,1762946.80859375,83,173.15317035955945,103,0.8058252427184466,4.7374361916187555e-05,S1,1,25_03_2026,2026-03-25 06:59:05,1970-01-01 06:59:05,6.9847222222222225
25_03_2026_FASTING_S1_001_pos.mzML,pos_mz_174.1121_06820,174.1121,pos,0.005260455981433809,2359168.5922851562,91,174.11214410439032,103,0.883495145631068,5.780720858718471e-05,S1,1,25_03_2026,2026-03-25 06:59:05,1970-01-01 06:59:05,6.9847222222222225
25_03_2026_FASTING_S1_001_pos.mzML,pos_mz_174.1276_06823,174.12755,pos,0.806362866334639,356441337.375,103,174.12747653591225,103,1.0,0.00782876569256931,S1,1,25_03_2026,2026-03-25 06:59:05,1970-01-01 06:59:05,6.9847222222222225
25_03_2026_FASTING_S1_001_pos.mzML,pos_mz_174.9847_06853,174.9847,pos,0.9609319105630814,429938535.875,103,174.984731298472,103,1.0,0.009329436024884286,S1,1,25_03_2026,2026-03-25 06:59:05,1970-01-01 06:59:05,6.9847222222222225
25_03_2026_FASTING_S1_001_pos.mzML,pos_mz_175.0177_06868,175.01774999999998,pos,0.16456675927716755,75217873.390625,101,175.01784637828072,103,0.9805825242718447,0.0016293738542293816,S1,1,25_03_2026,2026-03-25 06:59:05,1970-01-01 06:59:05,6.9847222222222225
25_03_2026_FASTING_S1_001_pos.mzML,pos_mz_175.1112_06895,175.1112,pos,0.006449014056958363,2910880.1142578125,92,175.1113096360554,103,0.8932038834951457,7.00979788799822e-05,S1,1,25_03_2026,2026-03-25 06:59:05,1970-01-01 06:59:05,6.9847222222222225
25_03_2026_FASTING_S1_001_pos.mzML,pos_mz_175.1304_06903,175.13045,pos,0.06436236558103496,28881757.5078125,103,175.13065841904262,103,1.0,0.0006248773357382035,S1,1,25_03_2026,2026-03-25 06:59:05,1970-01-01 06:59:05,6.9847222222222225
25_03_2026_FASTING_S1_001_pos.mzML,pos_mz_175.9841_06924,175.98405000000002,pos,0.025251799458863054,11571787.458984375,97,175.984069268371,103,0.941747572815534,0.000260327829472815,S1,1,25_03_2026,2026-03-25 06:59:05,1970-01-01 06:59:05,6.9847222222222225
25_03_2026_FASTING_S1_001_pos.mzML,pos_mz_176.9804_06999,176.98035000000002,pos,0.1367117125476173,62797110.875,87,176.98026463166474,103,0.8446601941747572,0.001571398994800199,S1,1,25_03_2026,2026-03-25 06:59:05,1970-01-01 06:59:05,6.9847222222222225
25_03_2026_FASTING_S1_001_pos.mzML,pos_mz_177.0335_07022,177.03345000000002,pos,0.22079055778602344,98618258.6875,102,177.03353508113025,103,0.9902912621359223,0.002164613311627681,S1,1,25_03_2026,2026-03-25 06:59:05,1970-01-01 06:59:05,6.9847222222222225
25_03_2026_FASTING_S1_001_pos.mzML,pos_mz_177.0542_07032,177.05425,pos,0.04802351827533789,21615478.17578125,94,177.0541875239862,103,0.912621359223301,0.0005108884922908287,S1,1,25_03_2026,2026-03-25 06:59:05,1970-01-01 06:59:05,6.9847222222222225
25_03_2026_FASTING_S1_001_pos.mzML,pos_mz_177.0698_07037,177.0698,pos,0.07723441197218532,35332590.1171875,98,177.06980493177534,103,0.9514563106796117,0.0007881062446141359,S1,1,25_03_2026,2026-03-25 06:59:05,1970-01-01 06:59:05,6.9847222222222225
25_03_2026_FASTING_S1_001_pos.mzML,pos_mz_177.1269_07059,177.1269,pos,0.006345876126151688,2869157.2431640625,95,177.12696923826013,103,0.9223300970873787,6.679869606475462e-05,S1,1,25_03_2026,2026-03-25 06:59:05,1970-01-01 06:59:05,6.9847222222222225
25_03_2026_FASTING_S1_001_pos.mzML,pos_mz_177.1634_07069,177.16335,pos,0.049988407506089544,22889196.77734375,98,177.16334949704336,103,0.9514563106796117,0.0005100857908784647,S1,1,25_03_2026,2026-03-25 06:59:05,1970-01-01 06:59:05,6.9847222222222225
25_03_2026_FASTING_S1_001_pos.mzML,pos_mz_178.0349_07106,178.03490000000002,pos,0.09816086099120382,44034909.28125,103,178.03504623467876,103,1.0,0.0009530180678757652,S1,1,25_03_2026,2026-03-25 06:59:05,1970-01-01 06:59:05,6.9847222222222225
25_03_2026_FASTING_S1_001_pos.mzML,pos_mz_179.0011_07165,179.00115,pos,0.015504919066808709,7057078.6484375,92,179.00108754321414,103,0.8932038834951457,0.00016853172898705117,S1,1,25_03_2026,2026-03-25 06:59:05,1970-01-01 06:59:05,6.9847222222222225
25_03_2026_FASTING_S1_001_pos.mzML,pos_mz_179.0383_07182,179.03825,pos,0.004094570475900349,1847048.0869140625,83,179.0382644118234,103,0.8058252427184466,4.933217440843794e-05,S1,1,25_03_2026,2026-03-25 06:59:05,1970-01-01 06:59:05,6.9847222222222225
25_03_2026_FASTING_S1_001_pos.mzML,pos_mz_179.1041_07206,179.10405,pos,0.004611002792367084,2071715.0244140625,84,179.10395457647942,103,0.8155339805825242,5.489289038532243e-05,S1,1,25_03_2026,2026-03-25 06:59:05,1970-01-01 06:59:05,6.9847222222222225
25_03_2026_FASTING_S1_001_pos.mzML,pos_mz_181.1197_07343,181.11965,pos,0.003887712018806515,1774682.3125,85,181.11956803291082,103,0.8252427184466019,4.5737788456547237e-05,S1,1,25_03_2026,2026-03-25 06:59:05,1970-01-01 06:59:05,6.9847222222222225
25_03_2026_FASTING_S1_001_pos.mzML,pos_mz_181.1217_07344,181.1216666666667,pos,0.02287701043726995,10242199.923828125,103,181.12185095076694,103,1.0,0.0002221068974492228,S1,1,25_03_2026,2026-03-25 06:59:05,1970-01-01 06:59:05,6.9847222222222225
25_03_2026_FASTING_S1_001_pos.mzML,pos_mz_182.9017_07398,182.90166666666667,pos,0.03121374146217938,13950892.9609375,103,182.9018141906078,103,1.0,0.00030304603361339203,S1,1,25_03_2026,2026-03-25 06:59:05,1970-01-01 06:59:05,6.9847222222222225
25_03_2026_FASTING_S1_001_pos.mzML,pos_mz_183.0225_07416,183.02254999999997,pos,0.0490600262551983,22206149.32421875,103,183.02273314469423,103,1.0,0.00047631093451648836,S1,1,25_03_2026,2026-03-25 06:59:05,1970-01-01 06:59:05,6.9847222222222225
25_03_2026_FASTING_S1_001_pos.mzML,pos_mz_183.1010_07441,183.10095,pos,0.011335041241895884,5036880.201171875,96,183.10111383910444,103,0.9320388349514563,0.00011807334626974879,S1,1,25_03_2026,2026-03-25 06:59:05,1970-01-01 06:59:05,6.9847222222222225
25_03_2026_FASTING_S1_001_pos.mzML,pos_mz_183.1351_07445,183.13505000000004,pos,0.006956583508805916,3046480.5571289062,101,183.13514453227,103,0.9805825242718447,6.887706444362293e-05,S1,1,25_03_2026,2026-03-25 06:59:05,1970-01-01 06:59:05,6.9847222222222225
25_03_2026_FASTING_S1_001_pos.mzML,pos_mz_183.9786_07462,183.97855,pos,0.004854578175920652,2237498.1391601562,85,183.97862242724818,103,0.8252427184466019,5.711268442259591e-05,S1,1,25_03_2026,2026-03-25 06:59:05,1970-01-01 06:59:05,6.9847222222222225
25_03_2026_FASTING_S1_001_pos.mzML,pos_mz_183.9846_07464,183.98464999999996,pos,0.010405209284991114,4584981.2001953125,94,183.98466724377644,103,0.912621359223301,0.00011069371579777781,S1,1,25_03_2026,2026-03-25 06:59:05,1970-01-01 06:59:05,6.9847222222222225
25_03_2026_FASTING_S1_001_pos.mzML,pos_mz_184.9689_07517,184.96885,pos,0.07355819174223012,33730986.2890625,96,184.96883848458597,103,0.9320388349514563,0.0007662311639815637,S1,1,25_03_2026,2026-03-25 06:59:05,1970-01-01 06:59:05,6.9847222222222225
25_03_2026_FASTING_S1_001_pos.mzML,pos_mz_184.9926_07526,184.99259999999998,pos,0.007009770982741533,3148237.216796875,88,184.9927547351537,103,0.8543689320388349,7.96564884402447e-05,S1,1,25_03_2026,2026-03-25 06:59:05,1970-01-01 06:59:05,6.9847222222222225
25_03_2026_FASTING_S1_001_pos.mzML,pos_mz_185.1145_07555,185.11445,pos,0.01974361247155988,9020046.287109375,92,185.11441130532333,103,0.8932038834951457,0.00021460448338652042,S1,1,25_03_2026,2026-03-25 06:59:05,1970-01-01 06:59:05,6.9847222222222225
25_03_2026_FASTING_S1_001_pos.mzML,pos_mz_185.1168_07558,185.11684999999997,pos,0.008868998799628209,4033906.5849609375,93,185.1169048809959,103,0.9029126213592233,9.53655784906259e-05,S1,1,25_03_2026,2026-03-25 06:59:05,1970-01-01 06:59:05,6.9847222222222225
25_03_2026_FASTING_S1_001_pos.mzML,pos_mz_187.1259_07659,187.12595,pos,0.019357928646738715,8855378.0,88,187.12584606821153,103,0.8543689320388349,0.00021997646189475813,S1,1,25_03_2026,2026-03-25 06:59:05,1970-01-01 06:59:05,6.9847222222222225
25_03_2026_FASTING_S1_001_pos.mzML,pos_mz_191.0488_07802,191.0488,pos,0.0061920828147057575,2728343.6982421875,91,191.048843514864,103,0.883495145631068,6.804486609566767e-05,S1,1,25_03_2026,2026-03-25 06:59:05,1970-01-01 06:59:05,6.9847222222222225
25_03_2026_FASTING_S1_001_pos.mzML,pos_mz_191.0851_07812,191.08509999999998,pos,0.005478193894986281,2431079.0317382812,83,191.08520123056084,103,0.8058252427184466,6.600233608417207e-05,S1,1,25_03_2026,2026-03-25 06:59:05,1970-01-01 06:59:05,6.9847222222222225
25_03_2026_FASTING_S1_001_pos.mzML,pos_mz_191.1038_07818,191.10385,pos,0.00807176749325456,3623710.1005859375,90,191.1037379715851,103,0.8737864077669902,8.968630548060622e-05,S1,1,25_03_2026,2026-03-25 06:59:05,1970-01-01 06:59:05,6.9847222222222225
25_03_2026_FASTING_S1_001_pos.mzML,pos_mz_193.0831_07900,193.08315,pos,0.0060441156164353135,2744288.5576171875,85,193.08305302796643,103,0.8252427184466019,7.11072425462978e-05,S1,1,25_03_2026,2026-03-25 06:59:05,1970-01-01 06:59:05,6.9847222222222225
25_03_2026_FASTING_S1_001_pos.mzML,pos_mz_193.1305_07914,193.13055,pos,0.07729414461054492,35459730.7890625,94,193.1306363418071,103,0.912621359223301,0.0008222781341547332,S1,1,25_03_2026,2026-03-25 06:59:05,1970-01-01 06:59:05,6.9847222222222225
25_03_2026_FASTING_S1_001_pos.mzML,pos_mz_193.1582_07921,193.15815,pos,0.01473801767064661,6743775.458984375,90,193.1581267791546,103,0.8737864077669902,0.00016375575189607345,S1,1,25_03_2026,2026-03-25 06:59:05,1970-01-01 06:59:05,6.9847222222222225
25_03_2026_FASTING_S1_001_pos.mzML,pos_mz_194.1337_07949,194.13369999999998,pos,0.005442663761298593,2438509.5751953125,93,194.133823499035,103,0.9029126213592233,5.8523266250522506e-05,S1,1,25_03_2026,2026-03-25 06:59:05,1970-01-01 06:59:05,6.9847222222222225
25_03_2026_FASTING_S1_001_pos.mzML,pos_mz_195.0984_07984,195.0984,pos,0.006922883213844516,3042013.740234375,89,195.0985396468807,103,0.8640776699029126,7.778520464993838e-05,S1,1,25_03_2026,2026-03-25 06:59:05,1970-01-01 06:59:05,6.9847222222222225
25_03_2026_FASTING_S1_001_pos.mzML,pos_mz_195.1375_07995,195.13745,pos,0.012432690231503337,5692539.705078125,83,195.13740941288685,103,0.8058252427184466,0.00014979144857232935,S1,1,25_03_2026,2026-03-25 06:59:05,1970-01-01 06:59:05,6.9847222222222225
25_03_2026_FASTING_S1_001_pos.mzML,pos_mz_195.1736_08000,195.17355,pos,0.022473531518601375,10172829.4140625,102,195.1737004232866,103,0.9902912621359223,0.00022032874037844485,S1,1,25_03_2026,2026-03-25 06:59:05,1970-01-01 06:59:05,6.9847222222222225
25_03_2026_FASTING_S1_001_pos.mzML,pos_mz_197.1532_08085,197.15315,pos,0.020610352091300767,9325824.66796875,86,197.15304915999695,103,0.8349514563106796,0.00023965525687559032,S1,1,25_03_2026,2026-03-25 06:59:05,1970-01-01 06:59:05,6.9847222222222225
25_03_2026_FASTING_S1_001_pos.mzML,pos_mz_199.1321_08189,199.13214999999997,pos,0.006675183332398732,2969030.013671875,95,199.13218375333776,103,0.9223300970873787,7.026508770946033e-05,S1,1,25_03_2026,2026-03-25 06:59:05,1970-01-01 06:59:05,6.9847222222222225
25_03_2026_FASTING_S1_001_pos.mzML,pos_mz_201.0331_08262,201.03310000000002,pos,0.005167954311513636,2323547.5209960938,86,201.03312163157682,103,0.8349514563106796,6.0092491994344604e-05,S1,1,25_03_2026,2026-03-25 06:59:05,1970-01-01 06:59:05,6.9847222222222225
25_03_2026_FASTING_S1_001_pos.mzML,pos_mz_201.1843_08298,201.18425000000002,pos,0.004608168074092617,2070810.2705078125,86,201.18422165100017,103,0.8349514563106796,5.358334969875136e-05,S1,1,25_03_2026,2026-03-25 06:59:05,1970-01-01 06:59:05,6.9847222222222225
25_03_2026_FASTING_S1_001_pos.mzML,pos_mz_203.1058_08381,203.1058,pos,0.008449175656350845,3760996.67578125,97,203.10590674280093,103,0.941747572815534,8.710490367372005e-05,S1,1,25_03_2026,2026-03-25 06:59:05,1970-01-01 06:59:05,6.9847222222222225
25_03_2026_FASTING_S1_001_pos.mzML,pos_mz_205.0278_08458,205.02779999999998,pos,0.008693982760403882,3821312.5297851562,92,205.02788844182436,103,0.8932038834951457,9.449981261308567e-05,S1,1,25_03_2026,2026-03-25 06:59:05,1970-01-01 06:59:05,6.9847222222222225
25_03_2026_FASTING_S1_001_pos.mzML,pos_mz_205.0642_08464,205.0642,pos,0.004680887410149568,2035512.8081054688,86,205.06429832198972,103,0.8349514563106796,5.4428923373832184e-05,S1,1,25_03_2026,2026-03-25 06:59:05,1970-01-01 06:59:05,6.9847222222222225
25_03_2026_FASTING_S1_001_pos.mzML,pos_mz_205.1941_08487,205.1941,pos,0.01807503041780138,8255940.467285156,101,205.1942363216971,103,0.9805825242718447,0.00017896069720595425,S1,1,25_03_2026,2026-03-25 06:59:05,1970-01-01 06:59:05,6.9847222222222225
25_03_2026_FASTING_S1_001_pos.mzML,pos_mz_207.1737_08569,207.17365,pos,0.040581578299738054,18629275.86328125,93,207.17358615707187,103,0.9029126213592233,0.0004363610569864307,S1,1,25_03_2026,2026-03-25 06:59:05,1970-01-01 06:59:05,6.9847222222222225
25_03_2026_FASTING_S1_001_pos.mzML,pos_mz_211.1320_08735,211.13195000000002,pos,0.004174721966711005,1891904.4848632812,83,211.13199781124246,103,0.8058252427184466,5.0297855020614514e-05,S1,1,25_03_2026,2026-03-25 06:59:05,1970-01-01 06:59:05,6.9847222222222225
25_03_2026_FASTING_S1_001_pos.mzML,pos_mz_211.1684_08739,211.16835,pos,0.006574630827120197,2910138.232421875,91,211.16837805855752,103,0.883495145631068,7.224869040791425e-05,S1,1,25_03_2026,2026-03-25 06:59:05,1970-01-01 06:59:05,6.9847222222222225
25_03_2026_FASTING_S1_001_pos.mzML,pos_mz_214.9792_08892,214.97920000000002,pos,0.16898205506902234,75899442.5,98,214.97921495634785,103,0.9514563106796117,0.001724306684377779,S1,1,25_03_2026,2026-03-25 06:59:05,1970-01-01 06:59:05,6.9847222222222225
25_03_2026_FASTING_S1_001_pos.mzML,pos_mz_219.1733_09167,219.1733,pos,0.0841572273337888,37418285.34375,103,219.1733467730427,103,1.0,0.0008170604595513476,S1,1,25_03_2026,2026-03-25 06:59:05,1970-01-01 06:59:05,6.9847222222222225
25_03_2026_FASTING_S1_001_pos.mzML,pos_mz_222.1558_09283,222.1558,pos,0.004257809997473952,1894749.677734375,83,222.1558579387675,103,0.8058252427184466,5.129891563221629e-05,S1,1,25_03_2026,2026-03-25 06:59:05,1970-01-01 06:59:05,6.9847222222222225
25_03_2026_FASTING_S1_001_pos.mzML,pos_mz_222.1842_09288,222.18421818181815,pos,0.0050135216280347405,2202851.3203125,94,222.18415433062805,103,0.912621359223301,5.3335336468454684e-05,S1,1,25_03_2026,2026-03-25 06:59:05,1970-01-01 06:59:05,6.9847222222222225
25_03_2026_FASTING_S1_001_pos.mzML,pos_mz_223.0170_09312,223.01695000000004,pos,0.006477351468008486,2822985.25,88,223.01703924101832,103,0.8543689320388349,7.360626668191462e-05,S1,1,25_03_2026,2026-03-25 06:59:05,1970-01-01 06:59:05,6.9847222222222225
25_03_2026_FASTING_S1_001_pos.mzML,pos_mz_223.0625_09321,223.06245,pos,0.006931454446071939,3043966.53515625,96,223.06255695543663,103,0.9320388349514563,7.220265047991604e-05,S1,1,25_03_2026,2026-03-25 06:59:05,1970-01-01 06:59:05,6.9847222222222225
25_03_2026_FASTING_S1_001_pos.mzML,pos_mz_233.9663_09750,233.96625000000003,pos,0.019040764247993166,8305513.3046875,103,233.966279338397,103,1.0,0.00018486178881546762,S1,1,25_03_2026,2026-03-25 06:59:05,1970-01-01 06:59:05,6.9847222222222225
25_03_2026_FASTING_S1_001_pos.mzML,pos_mz_235.2046_09822,235.2046,pos,0.07707102905196221,36393613.4296875,85,235.2045522918247,103,0.8252427184466019,0.0009067179888466142,S1,1,25_03_2026,2026-03-25 06:59:05,1970-01-01 06:59:05,6.9847222222222225
25_03_2026_FASTING_S1_001_pos.mzML,pos_mz_235.9498_09833,235.94979999999995,pos,0.0063399439673440736,2787761.662109375,93,235.94985225793945,103,0.9029126213592233,6.817144050907606e-05,S1,1,25_03_2026,2026-03-25 06:59:05,1970-01-01 06:59:05,6.9847222222222225
25_03_2026_FASTING_S1_001_pos.mzML,pos_mz_236.9471_09866,236.94705000000002,pos,0.0039221072530626925,1728214.1049804688,84,236.947135079336,103,0.8155339805825242,4.66917530126511e-05,S1,1,25_03_2026,2026-03-25 06:59:05,1970-01-01 06:59:05,6.9847222222222225
25_03_2026_FASTING_S1_001_pos.mzML,pos_mz_252.9604_10370,252.96044999999995,pos,0.008968859642593965,3976348.8935546875,100,252.96053211661194,103,0.970873786407767,8.968859642593965e-05,S1,1,25_03_2026,2026-03-25 06:59:05,1970-01-01 06:59:05,6.9847222222222225
25_03_2026_FASTING_S1_001_pos.mzML,pos_mz_252.9696_10372,252.96959999999999,pos,0.007487050069337907,3278624.9521484375,91,252.96973937378917,103,0.883495145631068,8.227527548722976e-05,S1,1,25_03_2026,2026-03-25 06:59:05,1970-01-01 06:59:05,6.9847222222222225
25_03_2026_FASTING_S1_001_pos.mzML,pos_mz_253.1780_10392,253.17804999999998,pos,0.00621191503075486,2707780.5634765625,99,253.1781371606609,103,0.9611650485436893,6.274661647227131e-05,S1,1,25_03_2026,2026-03-25 06:59:05,1970-01-01 06:59:05,6.9847222222222225
25_03_2026_FASTING_S1_001_pos.mzML,pos_mz_279.1568_10938,279.15684999999996,pos,0.009190544710956945,4027439.369140625,103,279.1567855169267,103,1.0,8.922858942676645e-05,S1,1,25_03_2026,2026-03-25 06:59:05,1970-01-01 06:59:05,6.9847222222222225
25_03_2026_FASTING_S1_001_pos.mzML,pos_mz_329.0020_11550,329.002,pos,0.024042072841049006,10486432.09765625,103,329.0019831677567,103,1.0,0.00023341818292280588,S1,1,25_03_2026,2026-03-25 06:59:05,1970-01-01 06:59:05,6.9847222222222225
25_03_2026_FASTING_S1_001_pos.mzML,pos_mz_330.9993_11566,330.99934,pos,0.0071214079548825426,3081468.3076171875,103,330.99929368149134,103,1.0,6.913988305711207e-05,S1,1,25_03_2026,2026-03-25 06:59:05,1970-01-01 06:59:05,6.9847222222222225
25_03_2026_FASTING_S1_001_pos.mzML,pos_mz_348.9867_11686,348.98667142857136,pos,0.006252744827753989,2753552.359375,101,348.9868687195614,103,0.9805825242718447,6.190836463122761e-05,S1,1,25_03_2026,2026-03-25 06:59:05,1970-01-01 06:59:05,6.9847222222222225
25_03_2026_FASTING_S1_001_pos.mzML,pos_mz_55.0545_00359,55.05455,pos,0.04047932711728504,17463923.1796875,103,55.05451543612901,103,1.0,0.00039300317589597124,S1,1,25_03_2026,2026-03-25 06:59:05,1970-01-01 06:59:05,6.9847222222222225
25_03_2026_FASTING_S1_001_pos.mzML,pos_mz_56.9651_00593,56.965050000000005,pos,0.04521905610544771,19768627.8984375,103,56.965068779664,103,1.0,0.0004390199621888127,S1,1,25_03_2026,2026-03-25 06:59:05,1970-01-01 06:59:05,6.9847222222222225
25_03_2026_FASTING_S1_001_pos.mzML,pos_mz_57.0339_00623,57.03385,pos,0.016822938859423826,7235723.224609375,101,57.03380546859319,103,0.9805825242718447,0.0001665637510834042,S1,1,25_03_2026,2026-03-25 06:59:05,1970-01-01 06:59:05,6.9847222222222225
25_03_2026_FASTING_S1_001_pos.mzML,pos_mz_57.0701_00646,57.07015,pos,0.05040234974433959,21817492.9453125,103,57.070170647451924,103,1.0,0.0004893432014013553,S1,1,25_03_2026,2026-03-25 06:59:05,1970-01-01 06:59:05,6.9847222222222225
25_03_2026_FASTING_S1_001_pos.mzML,pos_mz_59.0494_01051,59.049350000000004,pos,21.172530817857627,9442053736.0,103,59.0493254681718,103,1.0,0.2055585516296857,S1,1,25_03_2026,2026-03-25 06:59:05,1970-01-01 06:59:05,6.9847222222222225
25_03_2026_FASTING_S1_001_pos.mzML,pos_mz_60.0376_01262,60.03765,pos,0.007249163480587596,3232745.771484375,89,60.03760938406364,103,0.8640776699029126,8.145127506278198e-05,S1,1,25_03_2026,2026-03-25 06:59:05,1970-01-01 06:59:05,6.9847222222222225
25_03_2026_FASTING_S1_001_pos.mzML,pos_mz_60.0446_01265,60.04455,pos,0.09404109353583608,39581078.84375,103,60.044567147308676,103,1.0,0.0009130203255906415,S1,1,25_03_2026,2026-03-25 06:59:05,1970-01-01 06:59:05,6.9847222222222225
25_03_2026_FASTING_S1_001_pos.mzML,pos_mz_60.0526_01271,60.05265,pos,0.7690468634940077,343120350.625,103,60.052649102242825,103,1.0,0.007466474402854444,S1,1,25_03_2026,2026-03-25 06:59:05,1970-01-01 06:59:05,6.9847222222222225
25_03_2026_FASTING_S1_001_pos.mzML,pos_mz_60.0555_01274,60.05555,pos,0.014737775879293062,6547428.46484375,103,60.055502466658204,103,1.0,0.00014308520271158313,S1,1,25_03_2026,2026-03-25 06:59:05,1970-01-01 06:59:05,6.9847222222222225
25_03_2026_FASTING_S1_001_pos.mzML,pos_mz_60.0677_01280,60.06765,pos,0.007458523135721379,3341187.5107421875,88,60.067693107307726,103,0.8543689320388349,8.475594472410659e-05,S1,1,25_03_2026,2026-03-25 06:59:05,1970-01-01 06:59:05,6.9847222222222225
25_03_2026_FASTING_S1_001_pos.mzML,pos_mz_60.0810_01283,60.08095,pos,0.270383253423083,116891009.25,103,60.08092031172053,103,1.0,0.002625080130321194,S1,1,25_03_2026,2026-03-25 06:59:05,1970-01-01 06:59:05,6.9847222222222225
25_03_2026_FASTING_S1_001_pos.mzML,pos_mz_60.9862_01321,60.98625,pos,0.01856751983230461,8211087.11328125,87,60.98624811754348,103,0.8446601941747572,0.00021341976818740934,S1,1,25_03_2026,2026-03-25 06:59:05,1970-01-01 06:59:05,6.9847222222222225
25_03_2026_FASTING_S1_001_pos.mzML,pos_mz_60.9866_01322,60.98665,pos,0.14593498072198244,64398097.75,103,60.98661572123095,103,1.0,0.0014168444730289556,S1,1,25_03_2026,2026-03-25 06:59:05,1970-01-01 06:59:05,6.9847222222222225
25_03_2026_FASTING_S1_001_pos.mzML,pos_mz_61.0285_01328,61.028549999999996,pos,0.004987996007203269,2127784.3623046875,90,61.02858080205336,103,0.8737864077669902,5.54221778578141e-05,S1,1,25_03_2026,2026-03-25 06:59:05,1970-01-01 06:59:05,6.9847222222222225
25_03_2026_FASTING_S1_001_pos.mzML,pos_mz_61.0397_01329,61.03975,pos,0.26280874443733104,114434279.0,103,61.03978562788775,103,1.0,0.002551541208129428,S1,1,25_03_2026,2026-03-25 06:59:05,1970-01-01 06:59:05,6.9847222222222225
25_03_2026_FASTING_S1_001_pos.mzML,pos_mz_61.0536_01332,61.05355,pos,0.04731065188807332,21218445.63671875,103,61.05353167985271,103,1.0,0.00045932671735993515,S1,1,25_03_2026,2026-03-25 06:59:05,1970-01-01 06:59:05,6.9847222222222225
25_03_2026_FASTING_S1_001_pos.mzML,pos_mz_61.0560_01335,61.056000000000004,pos,0.006409012389578862,2859619.9443359375,95,61.055995924773285,103,0.9223300970873787,6.746328831135644e-05,S1,1,25_03_2026,2026-03-25 06:59:05,1970-01-01 06:59:05,6.9847222222222225
25_03_2026_FASTING_S1_001_pos.mzML,pos_mz_61.0842_01338,61.08425,pos,0.006658021974904741,2885465.681640625,102,61.08428298714309,103,0.9902912621359223,6.527472524416413e-05,S1,1,25_03_2026,2026-03-25 06:59:05,1970-01-01 06:59:05,6.9847222222222225
25_03_2026_FASTING_S1_001_pos.mzML,pos_mz_61.9942_01342,61.994150000000005,pos,0.004352553096557227,1908019.0776367188,83,61.99409501838591,103,0.8058252427184466,5.244039875370153e-05,S1,1,25_03_2026,2026-03-25 06:59:05,1970-01-01 06:59:05,6.9847222222222225
25_03_2026_FASTING_S1_001_pos.mzML,pos_mz_67.0123_01374,67.01235,pos,0.06504552902790316,29092391.8359375,103,67.01235335652473,103,1.0,0.0006315099905621666,S1,1,25_03_2026,2026-03-25 06:59:05,1970-01-01 06:59:05,6.9847222222222225
25_03_2026_FASTING_S1_001_pos.mzML,pos_mz_67.0543_01379,67.05435,pos,0.07309597803460105,31929809.53125,103,67.054327140029,103,1.0,0.0007096696896563209,S1,1,25_03_2026,2026-03-25 06:59:05,1970-01-01 06:59:05,6.9847222222222225
25_03_2026_FASTING_S1_001_pos.mzML,pos_mz_68.9822_01405,68.98219999999999,pos,0.007166761049863677,3156813.650390625,103,68.98220963188412,103,1.0,6.958020436760851e-05,S1,1,25_03_2026,2026-03-25 06:59:05,1970-01-01 06:59:05,6.9847222222222225
25_03_2026_FASTING_S1_001_pos.mzML,pos_mz_69.0336_01409,69.03359999999999,pos,0.013732068185809443,5920931.5234375,103,69.03355962107669,103,1.0,0.00013332105034766448,S1,1,25_03_2026,2026-03-25 06:59:05,1970-01-01 06:59:05,6.9847222222222225
25_03_2026_FASTING_S1_001_pos.mzML,pos_mz_69.0700_01416,69.06995,pos,0.18872577133275772,81973445.375,103,69.06994915100722,103,1.0,0.001832289042065609,S1,1,25_03_2026,2026-03-25 06:59:05,1970-01-01 06:59:05,6.9847222222222225
25_03_2026_FASTING_S1_001_pos.mzML,pos_mz_70.0652_01434,70.06515,pos,0.2557311393387627,111646452.6875,103,70.0651787521928,103,1.0,0.0024828265955219677,S1,1,25_03_2026,2026-03-25 06:59:05,1970-01-01 06:59:05,6.9847222222222225
25_03_2026_FASTING_S1_001_pos.mzML,pos_mz_70.0733_01436,70.0733,pos,0.006992490098757032,3042428.6791992188,103,70.07327488314213,103,1.0,6.78882533859906e-05,S1,1,25_03_2026,2026-03-25 06:59:05,1970-01-01 06:59:05,6.9847222222222225
25_03_2026_FASTING_S1_001_pos.mzML,pos_mz_71.0492_01458,71.0492,pos,0.060506780070908824,26001402.09375,103,71.04919163739943,103,1.0,0.0005874444667078526,S1,1,25_03_2026,2026-03-25 06:59:05,1970-01-01 06:59:05,6.9847222222222225
25_03_2026_FASTING_S1_001_pos.mzML,pos_mz_71.0604_01459,71.0604,pos,0.006978047264054699,3054831.3046875,101,71.06041526245724,103,0.9805825242718447,6.908957687182871e-05,S1,1,25_03_2026,2026-03-25 06:59:05,1970-01-01 06:59:05,6.9847222222222225
25_03_2026_FASTING_S1_001_pos.mzML,pos_mz_71.0686_01460,71.06855,pos,0.007363570725703057,3196660.9267578125,103,71.06852755886453,103,1.0,7.149097791944716e-05,S1,1,25_03_2026,2026-03-25 06:59:05,1970-01-01 06:59:05,6.9847222222222225
25_03_2026_FASTING_S1_001_pos.mzML,pos_mz_71.0855_01462,71.08555,pos,0.03558123860850461,15526877.5390625,103,71.08557444169075,103,1.0,0.00034544891852917095,S1,1,25_03_2026,2026-03-25 06:59:05,1970-01-01 06:59:05,6.9847222222222225
25_03_2026_FASTING_S1_001_pos.mzML,pos_mz_71.9519_01473,71.95185000000001,pos,0.003705200466558826,1621707.5458984375,97,71.95190487775106,103,0.941747572815534,3.81979429542147e-05,S1,1,25_03_2026,2026-03-25 06:59:05,1970-01-01 06:59:05,6.9847222222222225
25_03_2026_FASTING_S1_001_pos.mzML,pos_mz_72.0444_01480,72.04440000000001,pos,0.04535600099583243,19642750.1171875,103,72.04443039221849,103,1.0,0.00044034952423138284,S1,1,25_03_2026,2026-03-25 06:59:05,1970-01-01 06:59:05,6.9847222222222225
25_03_2026_FASTING_S1_001_pos.mzML,pos_mz_73.0284_01512,73.02839999999999,pos,0.014671409858053293,6294235.9921875,103,73.02843256532621,103,1.0,0.0001424408724082844,S1,1,25_03_2026,2026-03-25 06:59:05,1970-01-01 06:59:05,6.9847222222222225
25_03_2026_FASTING_S1_001_pos.mzML,pos_mz_73.0648_01522,73.0648,pos,0.4441432269246677,190148546.25,103,73.06480392245065,103,1.0,0.004312070164317162,S1,1,25_03_2026,2026-03-25 06:59:05,1970-01-01 06:59:05,6.9847222222222225
25_03_2026_FASTING_S1_001_pos.mzML,pos_mz_73.9967_01553,73.99665,pos,0.005383096477531689,2424034.1196289062,85,73.99666956638725,103,0.8252427184466019,6.333054679449046e-05,S1,1,25_03_2026,2026-03-25 06:59:05,1970-01-01 06:59:05,6.9847222222222225
25_03_2026_FASTING_S1_001_pos.mzML,pos_mz_74.0601_01573,74.06005,pos,1.9034490257096213,829320707.5,103,74.06003381814755,103,1.0,0.01848008762824875,S1,1,25_03_2026,2026-03-25 06:59:05,1970-01-01 06:59:05,6.9847222222222225
25_03_2026_FASTING_S1_001_pos.mzML,pos_mz_74.0681_01583,74.0681,pos,0.013704058178601927,5837077.17578125,103,74.06808432697186,103,1.0,0.0001330491085301158,S1,1,25_03_2026,2026-03-25 06:59:05,1970-01-01 06:59:05,6.9847222222222225
25_03_2026_FASTING_S1_001_pos.mzML,pos_mz_74.0964_01593,74.0964,pos,0.04690897321327281,20469380.96875,103,74.0964076474554,103,1.0,0.0004554269244007069,S1,1,25_03_2026,2026-03-25 06:59:05,1970-01-01 06:59:05,6.9847222222222225
25_03_2026_FASTING_S1_001_pos.mzML,pos_mz_74.9754_01616,74.97535,pos,0.009045024914824644,3966043.990234375,103,74.97534824959557,103,1.0,8.781577587208392e-05,S1,1,25_03_2026,2026-03-25 06:59:05,1970-01-01 06:59:05,6.9847222222222225
25_03_2026_FASTING_S1_001_pos.mzML,pos_mz_75.0440_01622,75.04405,pos,0.058421649539872895,25880777.5625,103,75.0440590569866,103,1.0,0.0005672004809696398,S1,1,25_03_2026,2026-03-25 06:59:05,1970-01-01 06:59:05,6.9847222222222225
25_03_2026_FASTING_S1_001_pos.mzML,pos_mz_75.0553_01624,75.05525,pos,0.003269622076171415,1409384.818359375,86,75.05530705470265,103,0.8349514563106796,3.8018861350830404e-05,S1,1,25_03_2026,2026-03-25 06:59:05,1970-01-01 06:59:05,6.9847222222222225
25_03_2026_FASTING_S1_001_pos.mzML,pos_mz_75.0571_01626,75.05705,pos,0.0039275615203126285,1697289.9301757812,93,75.05709948741755,103,0.9029126213592233,4.2231844304436867e-05,S1,1,25_03_2026,2026-03-25 06:59:05,1970-01-01 06:59:05,6.9847222222222225
25_03_2026_FASTING_S1_001_pos.mzML,pos_mz_75.0634_01628,75.0634,pos,0.05342284576950334,23262429.515625,103,75.06339724698597,103,1.0,0.0005186684055291587,S1,1,25_03_2026,2026-03-25 06:59:05,1970-01-01 06:59:05,6.9847222222222225
25_03_2026_FASTING_S1_001_pos.mzML,pos_mz_76.0175_01650,76.01755,pos,0.09095081682857525,39996884.9375,103,76.01754428177519,103,1.0,0.0008830176391123811,S1,1,25_03_2026,2026-03-25 06:59:05,1970-01-01 06:59:05,6.9847222222222225
25_03_2026_FASTING_S1_001_pos.mzML,pos_mz_76.0393_01652,76.0393,pos,0.02262013012958233,9826125.01953125,103,76.03929015872193,103,1.0,0.00021961291387944008,S1,1,25_03_2026,2026-03-25 06:59:05,1970-01-01 06:59:05,6.9847222222222225
25_03_2026_FASTING_S1_001_pos.mzML,pos_mz_77.0386_01689,77.03855,pos,0.006368640945827982,2804483.517578125,103,77.03855135416298,103,1.0,6.183146549347555e-05,S1,1,25_03_2026,2026-03-25 06:59:05,1970-01-01 06:59:05,6.9847222222222225
25_03_2026_FASTING_S1_001_pos.mzML,pos_mz_78.0130_01732,78.01299999999999,pos,0.8926623545490269,388110602.5,103,78.01301113493362,103,1.0,0.008666624801446863,S1,1,25_03_2026,2026-03-25 06:59:05,1970-01-01 06:59:05,6.9847222222222225
25_03_2026_FASTING_S1_001_pos.mzML,pos_mz_78.0226_01749,78.0226,pos,0.08071476392109768,36445617.46875,103,78.02259774170872,103,1.0,0.0007836384846708512,S1,1,25_03_2026,2026-03-25 06:59:05,1970-01-01 06:59:05,6.9847222222222225
25_03_2026_FASTING_S1_001_pos.mzML,pos_mz_78.9970_01817,78.997,pos,3.4448700007485638,1522715811.5,103,78.99699881801354,103,1.0,0.033445339813092854,S1,1,25_03_2026,2026-03-25 06:59:05,1970-01-01 06:59:05,6.9847222222222225
25_03_2026_FASTING_S1_001_pos.mzML,pos_mz_79.0212_01850,79.02120000000001,pos,0.03974354771471195,16985646.23046875,103,79.02116840568465,103,1.0,0.0003858596865506015,S1,1,25_03_2026,2026-03-25 06:59:05,1970-01-01 06:59:05,6.9847222222222225
25_03_2026_FASTING_S1_001_pos.mzML,pos_mz_79.0542_01864,79.0542,pos,0.11061491372979276,48850825.625,103,79.05419234277555,103,1.0,0.001073931201260124,S1,1,25_03_2026,2026-03-25 06:59:05,1970-01-01 06:59:05,6.9847222222222225
25_03_2026_FASTING_S1_001_pos.mzML,pos_mz_79.9556_01891,79.95555,pos,0.1307325304737483,56895488.4375,103,79.95555978435112,103,1.0,0.001269247868677168,S1,1,25_03_2026,2026-03-25 06:59:05,1970-01-01 06:59:05,6.9847222222222225
25_03_2026_FASTING_S1_001_pos.mzML,pos_mz_80.0087_01905,80.00865,pos,0.0050699311448419914,2177872.0454101562,96,80.0086635284916,103,0.9320388349514563,5.2811782758770744e-05,S1,1,25_03_2026,2026-03-25 06:59:05,1970-01-01 06:59:05,6.9847222222222225
25_03_2026_FASTING_S1_001_pos.mzML,pos_mz_80.0200_01908,80.02005,pos,0.0050056914443982106,2211344.4833984375,96,80.02002999946855,103,0.9320388349514563,5.214261921248136e-05,S1,1,25_03_2026,2026-03-25 06:59:05,1970-01-01 06:59:05,6.9847222222222225
25_03_2026_FASTING_S1_001_pos.mzML,pos_mz_80.0495_01913,80.04945000000001,pos,0.580788603589124,252124707.875,103,80.04943016034949,103,1.0,0.005638724306690524,S1,1,25_03_2026,2026-03-25 06:59:05,1970-01-01 06:59:05,6.9847222222222225
25_03_2026_FASTING_S1_001_pos.mzML,pos_mz_80.0575_01916,80.0575,pos,0.0048708004184403065,2141512.6264648438,97,80.05753634358146,103,0.941747572815534,5.0214437303508317e-05,S1,1,25_03_2026,2026-03-25 06:59:05,1970-01-01 06:59:05,6.9847222222222225
25_03_2026_FASTING_S1_001_pos.mzML,pos_mz_80.9396_01943,80.9396,pos,0.021045914567813618,9356506.25,103,80.93958395523426,103,1.0,0.0002043292676486759,S1,1,25_03_2026,2026-03-25 06:59:05,1970-01-01 06:59:05,6.9847222222222225
25_03_2026_FASTING_S1_001_pos.mzML,pos_mz_80.9926_01952,80.99265,pos,0.12937992646215518,57245956.5625,103,80.99267810030936,103,1.0,0.0012561157908947105,S1,1,25_03_2026,2026-03-25 06:59:05,1970-01-01 06:59:05,6.9847222222222225
25_03_2026_FASTING_S1_001_pos.mzML,pos_mz_80.9973_01953,80.99730000000001,pos,0.005610456364361634,2552771.2412109375,85,80.99727958715363,103,0.8252427184466019,6.600536899248982e-05,S1,1,25_03_2026,2026-03-25 06:59:05,1970-01-01 06:59:05,6.9847222222222225
25_03_2026_FASTING_S1_001_pos.mzML,pos_mz_81.0013_01956,81.0013,pos,0.01333955316044491,5883959.384765625,103,81.00128238406738,103,1.0,0.00012951022485868844,S1,1,25_03_2026,2026-03-25 06:59:05,1970-01-01 06:59:05,6.9847222222222225
25_03_2026_FASTING_S1_001_pos.mzML,pos_mz_81.0311_01962,81.0311,pos,0.07938911503156611,35004967.171875,103,81.03107300569326,103,1.0,0.0007707681071025835,S1,1,25_03_2026,2026-03-25 06:59:05,1970-01-01 06:59:05,6.9847222222222225
25_03_2026_FASTING_S1_001_pos.mzML,pos_mz_81.0335_01963,81.03345,pos,0.006185781450138283,2709415.0888671875,101,81.03347307508555,103,0.9805825242718447,6.124536089245825e-05,S1,1,25_03_2026,2026-03-25 06:59:05,1970-01-01 06:59:05,6.9847222222222225
25_03_2026_FASTING_S1_001_pos.mzML,pos_mz_81.0447_01964,81.04475,pos,0.008293361562726575,3678754.447265625,103,81.04469440859279,103,1.0,8.051807342452985e-05,S1,1,25_03_2026,2026-03-25 06:59:05,1970-01-01 06:59:05,6.9847222222222225
25_03_2026_FASTING_S1_001_pos.mzML,pos_mz_81.0528_01969,81.0528,pos,0.024494832157635565,10628902.9765625,103,81.05283940401453,103,1.0,0.00023781390444306373,S1,1,25_03_2026,2026-03-25 06:59:05,1970-01-01 06:59:05,6.9847222222222225
25_03_2026_FASTING_S1_001_pos.mzML,pos_mz_81.0699_01978,81.06985,pos,1.8586254216311298,824542025.0,103,81.06983934803883,103,1.0,0.018044907006127472,S1,1,25_03_2026,2026-03-25 06:59:05,1970-01-01 06:59:05,6.9847222222222225
25_03_2026_FASTING_S1_001_pos.mzML,pos_mz_81.9537_01998,81.9537,pos,0.05861132500612968,25498984.25,103,81.95374072657503,103,1.0,0.0005690419903507736,S1,1,25_03_2026,2026-03-25 06:59:05,1970-01-01 06:59:05,6.9847222222222225
25_03_2026_FASTING_S1_001_pos.mzML,pos_mz_81.9629_02001,81.9629,pos,0.015810584045990825,6854402.50390625,103,81.96290766721249,103,1.0,0.00015350081598049345,S1,1,25_03_2026,2026-03-25 06:59:05,1970-01-01 06:59:05,6.9847222222222225
25_03_2026_FASTING_S1_001_pos.mzML,pos_mz_82.0732_02015,82.0732,pos,0.11893382261123926,52877914.34375,103,82.07319272709735,103,1.0,0.0011546973069052355,S1,1,25_03_2026,2026-03-25 06:59:05,1970-01-01 06:59:05,6.9847222222222225
25_03_2026_FASTING_S1_001_pos.mzML,pos_mz_82.9378_02023,82.93775000000001,pos,0.010820680913799367,4799704.236328125,103,82.93774372400955,103,1.0,0.00010505515450290647,S1,1,25_03_2026,2026-03-25 06:59:05,1970-01-01 06:59:05,6.9847222222222225
25_03_2026_FASTING_S1_001_pos.mzML,pos_mz_83.0216_02028,83.02155,pos,0.02388597021202608,10418825.5234375,103,83.02155048949693,103,1.0,0.00023190262341772893,S1,1,25_03_2026,2026-03-25 06:59:05,1970-01-01 06:59:05,6.9847222222222225
25_03_2026_FASTING_S1_001_pos.mzML,pos_mz_83.0491_02032,83.0491,pos,0.057101327024537483,24625471.6015625,103,83.04910294630324,103,1.0,0.0005543818157722086,S1,1,25_03_2026,2026-03-25 06:59:05,1970-01-01 06:59:05,6.9847222222222225
25_03_2026_FASTING_S1_001_pos.mzML,pos_mz_83.0855_02039,83.08550000000001,pos,0.135074790476146,59246930.46875,103,83.08548021889023,103,1.0,0.0013114057327781167,S1,1,25_03_2026,2026-03-25 06:59:05,1970-01-01 06:59:05,6.9847222222222225
25_03_2026_FASTING_S1_001_pos.mzML,pos_mz_83.9599_02047,83.95985,pos,0.009156098611507197,3983304.59765625,103,83.95986773455893,103,1.0,8.88941612767689e-05,S1,1,25_03_2026,2026-03-25 06:59:05,1970-01-01 06:59:05,6.9847222222222225
25_03_2026_FASTING_S1_001_pos.mzML,pos_mz_84.0444_02051,84.04435000000001,pos,0.02868752083772215,12428571.6875,103,84.04436214769149,103,1.0,0.0002785196197837102,S1,1,25_03_2026,2026-03-25 06:59:05,1970-01-01 06:59:05,6.9847222222222225
25_03_2026_FASTING_S1_001_pos.mzML,pos_mz_84.0746_02055,84.0746,pos,0.04487500674225699,18381081.33203125,103,84.07457602524232,103,1.0,0.0004356796771092911,S1,1,25_03_2026,2026-03-25 06:59:05,1970-01-01 06:59:05,6.9847222222222225
25_03_2026_FASTING_S1_001_pos.mzML,pos_mz_84.0807_02057,84.08070000000001,pos,0.00824565049194942,3582600.048828125,103,84.08078603744737,103,1.0,8.005485914514e-05,S1,1,25_03_2026,2026-03-25 06:59:05,1970-01-01 06:59:05,6.9847222222222225
25_03_2026_FASTING_S1_001_pos.mzML,pos_mz_84.0889_02060,84.08890000000001,pos,0.00606645344419489,2656402.640625,99,84.08887203450043,103,0.9611650485436893,6.12773075171201e-05,S1,1,25_03_2026,2026-03-25 06:59:05,1970-01-01 06:59:05,6.9847222222222225
25_03_2026_FASTING_S1_001_pos.mzML,pos_mz_84.9596_02110,84.95960000000001,pos,5.5767847653145655,2445028426.0,103,84.95962840935782,103,1.0,0.054143541410821026,S1,1,25_03_2026,2026-03-25 06:59:05,1970-01-01 06:59:05,6.9847222222222225
25_03_2026_FASTING_S1_001_pos.mzML,pos_mz_85.0284_02148,85.02835,pos,0.04247965680743532,18521298.9609375,103,85.0283562205775,103,1.0,0.000412423852499372,S1,1,25_03_2026,2026-03-25 06:59:05,1970-01-01 06:59:05,6.9847222222222225
25_03_2026_FASTING_S1_001_pos.mzML,pos_mz_85.0648_02165,85.0648,pos,0.10138708442434398,44012055.03125,103,85.06475228996118,103,1.0,0.0009843406254790678,S1,1,25_03_2026,2026-03-25 06:59:05,1970-01-01 06:59:05,6.9847222222222225
25_03_2026_FASTING_S1_001_pos.mzML,pos_mz_85.0761_02172,85.07610000000001,pos,0.026533168314274977,11297481.0390625,103,85.0760322510865,103,1.0,0.0002576035758667474,S1,1,25_03_2026,2026-03-25 06:59:05,1970-01-01 06:59:05,6.9847222222222225
25_03_2026_FASTING_S1_001_pos.mzML,pos_mz_85.0808_02177,85.0808,pos,1.47733945142622,630606978.25,103,85.08079155656387,103,1.0,0.014343101470157474,S1,1,25_03_2026,2026-03-25 06:59:05,1970-01-01 06:59:05,6.9847222222222225
25_03_2026_FASTING_S1_001_pos.mzML,pos_mz_85.1011_02187,85.1011,pos,0.010352830592677763,4523934.013671875,103,85.1010579588517,103,1.0,0.00010051291837551226,S1,1,25_03_2026,2026-03-25 06:59:05,1970-01-01 06:59:05,6.9847222222222225
25_03_2026_FASTING_S1_001_pos.mzML,pos_mz_85.9587_02202,85.95865,pos,0.005793216298297531,2491614.5634765625,96,85.95861928863644,103,0.9320388349514563,6.034600310726595e-05,S1,1,25_03_2026,2026-03-25 06:59:05,1970-01-01 06:59:05,6.9847222222222225
25_03_2026_FASTING_S1_001_pos.mzML,pos_mz_85.9630_02204,85.96300000000001,pos,0.04455328238521069,19619366.28125,103,85.9629665742714,103,1.0,0.0004325561396622397,S1,1,25_03_2026,2026-03-25 06:59:05,1970-01-01 06:59:05,6.9847222222222225
25_03_2026_FASTING_S1_001_pos.mzML,pos_mz_86.0600_02218,86.06,pos,0.06740909670265768,29163643.234375,103,86.05995945724892,103,1.0,0.0006544572495403659,S1,1,25_03_2026,2026-03-25 06:59:05,1970-01-01 06:59:05,6.9847222222222225
25_03_2026_FASTING_S1_001_pos.mzML,pos_mz_86.0841_02224,86.08415,pos,0.06863771876556875,29151146.6640625,103,86.08413704908841,103,1.0,0.0006663856190831917,S1,1,25_03_2026,2026-03-25 06:59:05,1970-01-01 06:59:05,6.9847222222222225
25_03_2026_FASTING_S1_001_pos.mzML,pos_mz_86.9557_02243,86.9557,pos,0.02492138746377644,10935018.6484375,103,86.9556523919008,103,1.0,0.0002419552180949169,S1,1,25_03_2026,2026-03-25 06:59:05,1970-01-01 06:59:05,6.9847222222222225
25_03_2026_FASTING_S1_001_pos.mzML,pos_mz_86.9638_02245,86.96385,pos,0.013887471872758097,6108195.751953125,103,86.96389923388088,103,1.0,0.00013482982400736017,S1,1,25_03_2026,2026-03-25 06:59:05,1970-01-01 06:59:05,6.9847222222222225
25_03_2026_FASTING_S1_001_pos.mzML,pos_mz_86.9754_02248,86.97540000000001,pos,0.005021304409123048,2139333.2368164062,91,86.97528313617961,103,0.883495145631068,5.5179169331022506e-05,S1,1,25_03_2026,2026-03-25 06:59:05,1970-01-01 06:59:05,6.9847222222222225
25_03_2026_FASTING_S1_001_pos.mzML,pos_mz_86.9926_02249,86.99265,pos,0.16860872948777328,74079688.09375,103,86.99266863420407,103,1.0,0.0016369779561919737,S1,1,25_03_2026,2026-03-25 06:59:05,1970-01-01 06:59:05,6.9847222222222225
25_03_2026_FASTING_S1_001_pos.mzML,pos_mz_87.0279_02260,87.02785,pos,0.4596523541109726,205161524.4375,103,87.02784372013745,103,1.0,0.004462644214669637,S1,1,25_03_2026,2026-03-25 06:59:05,1970-01-01 06:59:05,6.9847222222222225
25_03_2026_FASTING_S1_001_pos.mzML,pos_mz_87.0440_02262,87.044,pos,0.07591730432296959,33057255.09375,103,87.04399037077555,103,1.0,0.0007370612070191222,S1,1,25_03_2026,2026-03-25 06:59:05,1970-01-01 06:59:05,6.9847222222222225
25_03_2026_FASTING_S1_001_pos.mzML,pos_mz_87.0804_02271,87.0804,pos,0.13950402661658257,62601026.984375,103,87.08037967234954,103,1.0,0.0013544080254037142,S1,1,25_03_2026,2026-03-25 06:59:05,1970-01-01 06:59:05,6.9847222222222225
25_03_2026_FASTING_S1_001_pos.mzML,pos_mz_87.5296_02279,87.52955,pos,0.02351119531815369,10537322.978515625,103,87.52950646449338,103,1.0,0.00022826403221508436,S1,1,25_03_2026,2026-03-25 06:59:05,1970-01-01 06:59:05,6.9847222222222225
25_03_2026_FASTING_S1_001_pos.mzML,pos_mz_87.9934_02286,87.9934,pos,0.013976695066352436,6135441.009765625,103,87.99340428750018,103,1.0,0.00013569606860536345,S1,1,25_03_2026,2026-03-25 06:59:05,1970-01-01 06:59:05,6.9847222222222225
25_03_2026_FASTING_S1_001_pos.mzML,pos_mz_88.0215_02293,88.0215,pos,0.36809090988115006,161216803.375,103,88.02147977177074,103,1.0,0.003573698154185923,S1,1,25_03_2026,2026-03-25 06:59:05,1970-01-01 06:59:05,6.9847222222222225
25_03_2026_FASTING_S1_001_pos.mzML,pos_mz_88.0392_02299,88.03920000000001,pos,0.01772475533263213,7695404.47265625,103,88.0391919454756,103,1.0,0.00017208500322943814,S1,1,25_03_2026,2026-03-25 06:59:05,1970-01-01 06:59:05,6.9847222222222225
25_03_2026_FASTING_S1_001_pos.mzML,pos_mz_88.0756_02307,88.0756,pos,0.12169015565048613,51751068.53125,103,88.07562539512277,103,1.0,0.00118145782184938,S1,1,25_03_2026,2026-03-25 06:59:05,1970-01-01 06:59:05,6.9847222222222225
25_03_2026_FASTING_S1_001_pos.mzML,pos_mz_88.0837_02309,88.0837,pos,0.00456139332561151,2034846.7431640625,96,88.08372623587134,103,0.9320388349514563,4.7514513808453235e-05,S1,1,25_03_2026,2026-03-25 06:59:05,1970-01-01 06:59:05,6.9847222222222225
25_03_2026_FASTING_S1_001_pos.mzML,pos_mz_88.9525_02324,88.9525,pos,0.10751422923135438,47389013.515625,103,88.95251795545211,103,1.0,0.0010438274682655765,S1,1,25_03_2026,2026-03-25 06:59:05,1970-01-01 06:59:05,6.9847222222222225
25_03_2026_FASTING_S1_001_pos.mzML,pos_mz_88.9902_02334,88.9902,pos,0.014585128101075255,6393215.6640625,103,88.99016193093443,103,1.0,0.00014160318544733259,S1,1,25_03_2026,2026-03-25 06:59:05,1970-01-01 06:59:05,6.9847222222222225
25_03_2026_FASTING_S1_001_pos.mzML,pos_mz_89.0597_02346,89.05965,pos,0.06113932377787301,26465333.765625,103,89.05963586635696,103,1.0,0.0005935856677463399,S1,1,25_03_2026,2026-03-25 06:59:05,1970-01-01 06:59:05,6.9847222222222225
25_03_2026_FASTING_S1_001_pos.mzML,pos_mz_89.0708_02347,89.0708,pos,0.056094488495834004,24465745.3359375,103,89.07085811580235,103,1.0,0.0005446066844255729,S1,1,25_03_2026,2026-03-25 06:59:05,1970-01-01 06:59:05,6.9847222222222225
25_03_2026_FASTING_S1_001_pos.mzML,pos_mz_89.9624_02355,89.96239999999999,pos,0.004503147851132703,1986149.9208984375,97,89.96239440245276,103,0.941747572815534,4.642420465085261e-05,S1,1,25_03_2026,2026-03-25 06:59:05,1970-01-01 06:59:05,6.9847222222222225
25_03_2026_FASTING_S1_001_pos.mzML,pos_mz_90.0373_02362,90.03725,pos,0.006806597024502938,2985850.5595703125,86,90.0371632885597,103,0.8349514563106796,7.914647702910393e-05,S1,1,25_03_2026,2026-03-25 06:59:05,1970-01-01 06:59:05,6.9847222222222225
25_03_2026_FASTING_S1_001_pos.mzML,pos_mz_90.0549_02363,90.0549,pos,0.01157758966174276,5003541.9501953125,103,90.05487487800173,103,1.0,0.00011240378312371612,S1,1,25_03_2026,2026-03-25 06:59:05,1970-01-01 06:59:05,6.9847222222222225
25_03_2026_FASTING_S1_001_pos.mzML,pos_mz_90.9477_02374,90.94765000000001,pos,0.016324223098173288,7187106.333984375,103,90.94764083937854,103,1.0,0.0001584876028948863,S1,1,25_03_2026,2026-03-25 06:59:05,1970-01-01 06:59:05,6.9847222222222225
25_03_2026_FASTING_S1_001_pos.mzML,pos_mz_90.9766_02376,90.97655,pos,0.026841924851757515,11664858.16796875,103,90.97657486240952,103,1.0,0.00026060121215298556,S1,1,25_03_2026,2026-03-25 06:59:05,1970-01-01 06:59:05,6.9847222222222225
25_03_2026_FASTING_S1_001_pos.mzML,pos_mz_91.0542_02393,91.05415,pos,0.025874665990101024,11347516.63671875,103,91.05417432121716,103,1.0,0.00025121034941845655,S1,1,25_03_2026,2026-03-25 06:59:05,1970-01-01 06:59:05,6.9847222222222225
25_03_2026_FASTING_S1_001_pos.mzML,pos_mz_92.9496_02422,92.9496,pos,0.005124510496974382,2260820.3955078125,98,92.94959661900923,103,0.9514563106796117,5.229092343851411e-05,S1,1,25_03_2026,2026-03-25 06:59:05,1970-01-01 06:59:05,6.9847222222222225
25_03_2026_FASTING_S1_001_pos.mzML,pos_mz_93.0699_02441,93.06985,pos,0.05246056307296457,22770013.484375,103,93.0698460826109,103,1.0,0.0005093258550773259,S1,1,25_03_2026,2026-03-25 06:59:05,1970-01-01 06:59:05,6.9847222222222225
25_03_2026_FASTING_S1_001_pos.mzML,pos_mz_94.0651_02459,94.06509999999999,pos,0.10516324539553627,45145603.078125,103,94.06510028944096,103,1.0,0.0010210023824809347,S1,1,25_03_2026,2026-03-25 06:59:05,1970-01-01 06:59:05,6.9847222222222225
25_03_2026_FASTING_S1_001_pos.mzML,pos_mz_95.0254_02490,95.02544999999999,pos,0.01190399137637967,5267002.859375,102,95.02536924932564,103,0.9902912621359223,0.00011670579780764382,S1,1,25_03_2026,2026-03-25 06:59:05,1970-01-01 06:59:05,6.9847222222222225
25_03_2026_FASTING_S1_001_pos.mzML,pos_mz_95.0395_02491,95.03949999999999,pos,0.18488049071973212,79075348.375,103,95.03953406167585,103,1.0,0.0017949562205799234,S1,1,25_03_2026,2026-03-25 06:59:05,1970-01-01 06:59:05,6.9847222222222225
25_03_2026_FASTING_S1_001_pos.mzML,pos_mz_95.0491_02494,95.0491,pos,0.07225684998116697,31626507.25,103,95.04910917558429,103,1.0,0.0007015228153511356,S1,1,25_03_2026,2026-03-25 06:59:05,1970-01-01 06:59:05,6.9847222222222225
25_03_2026_FASTING_S1_001_pos.mzML,pos_mz_95.0684_02500,95.06845,pos,0.00426918502120696,1830907.4106445312,88,95.0684518972062,103,0.8543689320388349,4.851346615007909e-05,S1,1,25_03_2026,2026-03-25 06:59:05,1970-01-01 06:59:05,6.9847222222222225
25_03_2026_FASTING_S1_001_pos.mzML,pos_mz_95.0855_02507,95.08550000000001,pos,0.4312692074128491,189968329.25,103,95.08549123875213,103,1.0,0.004187079683619894,S1,1,25_03_2026,2026-03-25 06:59:05,1970-01-01 06:59:05,6.9847222222222225
25_03_2026_FASTING_S1_001_pos.mzML,pos_mz_95.9680_02530,95.96795,pos,0.0039132573661648596,1708141.7465820312,83,95.9679376359995,103,0.8058252427184466,4.714767911041999e-05,S1,1,25_03_2026,2026-03-25 06:59:05,1970-01-01 06:59:05,6.9847222222222225
25_03_2026_FASTING_S1_001_pos.mzML,pos_mz_95.9742_02532,95.97425,pos,0.023257190622012758,10017094.6484375,103,95.97426927974222,103,1.0,0.00022579796720400736,S1,1,25_03_2026,2026-03-25 06:59:05,1970-01-01 06:59:05,6.9847222222222225
25_03_2026_FASTING_S1_001_pos.mzML,pos_mz_96.0236_02557,96.02355,pos,2.2353389882720043,971759411.5,103,96.02352807161782,103,1.0,0.02170232027448548,S1,1,25_03_2026,2026-03-25 06:59:05,1970-01-01 06:59:05,6.9847222222222225
25_03_2026_FASTING_S1_001_pos.mzML,pos_mz_96.0331_02565,96.03309999999999,pos,0.13815727658927535,60690298.703125,103,96.03306457039218,103,1.0,0.001341332782420149,S1,1,25_03_2026,2026-03-25 06:59:05,1970-01-01 06:59:05,6.9847222222222225
25_03_2026_FASTING_S1_001_pos.mzML,pos_mz_96.0419_02571,96.0419,pos,0.05274032357084541,23247755.765625,103,96.04189502336021,103,1.0,0.0005120419764159748,S1,1,25_03_2026,2026-03-25 06:59:05,1970-01-01 06:59:05,6.9847222222222225
25_03_2026_FASTING_S1_001_pos.mzML,pos_mz_96.0443_02572,96.04425,pos,0.008699983783704422,3785116.3251953125,103,96.04426991656094,103,1.0,8.446586197771284e-05,S1,1,25_03_2026,2026-03-25 06:59:05,1970-01-01 06:59:05,6.9847222222222225
25_03_2026_FASTING_S1_001_pos.mzML,pos_mz_96.0888_02584,96.0888,pos,0.0208705773057407,9211591.01953125,103,96.08883028541007,103,1.0,0.00020262696413340486,S1,1,25_03_2026,2026-03-25 06:59:05,1970-01-01 06:59:05,6.9847222222222225
25_03_2026_FASTING_S1_001_pos.mzML,pos_mz_96.5349_02594,96.53485,pos,0.006191670641667413,2733971.59375,99,96.53484643413985,103,0.9611650485436893,6.254212769361023e-05,S1,1,25_03_2026,2026-03-25 06:59:05,1970-01-01 06:59:05,6.9847222222222225
25_03_2026_FASTING_S1_001_pos.mzML,pos_mz_96.9822_02635,96.98225,pos,0.010319184391899976,4447404.6923828125,103,96.98219992504617,103,1.0,0.0001001862562320386,S1,1,25_03_2026,2026-03-25 06:59:05,1970-01-01 06:59:05,6.9847222222222225
25_03_2026_FASTING_S1_001_pos.mzML,pos_mz_97.0075_02680,97.00750000000001,pos,9.406787351871559,4162256664.0,103,97.00750533187781,103,1.0,0.09132803254244232,S1,1,25_03_2026,2026-03-25 06:59:05,1970-01-01 06:59:05,6.9847222222222225
25_03_2026_FASTING_S1_001_pos.mzML,pos_mz_97.0203_02702,97.02025,pos,0.004583532797108462,2007669.6831054688,88,97.02024040735373,103,0.8543689320388349,5.2085599967141615e-05,S1,1,25_03_2026,2026-03-25 06:59:05,1970-01-01 06:59:05,6.9847222222222225
25_03_2026_FASTING_S1_001_pos.mzML,pos_mz_97.0283_02720,97.02825000000001,pos,0.018519775002517773,7960747.65625,96,97.02819839216062,103,0.9320388349514563,0.00019291432294289346,S1,1,25_03_2026,2026-03-25 06:59:05,1970-01-01 06:59:05,6.9847222222222225
25_03_2026_FASTING_S1_001_pos.mzML,pos_mz_97.0351_02730,97.03505000000001,pos,0.03461782645456314,14769208.1015625,103,97.03503533723162,103,1.0,0.0003360954024714868,S1,1,25_03_2026,2026-03-25 06:59:05,1970-01-01 06:59:05,6.9847222222222225
25_03_2026_FASTING_S1_001_pos.mzML,pos_mz_97.0647_02749,97.0647,pos,0.09768006687640612,42348192.53125,103,97.0646530204452,103,1.0,0.0009483501638486031,S1,1,25_03_2026,2026-03-25 06:59:05,1970-01-01 06:59:05,6.9847222222222225
25_03_2026_FASTING_S1_001_pos.mzML,pos_mz_97.1010_02758,97.101,pos,0.04636037606342787,20426778.7734375,103,97.10105502941506,103,1.0,0.0004501007384798822,S1,1,25_03_2026,2026-03-25 06:59:05,1970-01-01 06:59:05,6.9847222222222225
25_03_2026_FASTING_S1_001_pos.mzML,pos_mz_97.9661_02787,97.9661,pos,0.056888854068417434,24927945.015625,103,97.96604595359385,103,1.0,0.0005523189715380334,S1,1,25_03_2026,2026-03-25 06:59:05,1970-01-01 06:59:05,6.9847222222222225
25_03_2026_FASTING_S1_001_pos.mzML,pos_mz_97.9724_02791,97.97240000000001,pos,0.00948639560554483,4111933.6435546875,102,97.97240709359383,103,0.9902912621359223,9.300387848573362e-05,S1,1,25_03_2026,2026-03-25 06:59:05,1970-01-01 06:59:05,6.9847222222222225
25_03_2026_FASTING_S1_001_pos.mzML,pos_mz_98.0115_02797,98.01155,pos,0.006713427986863511,3017345.4013671875,86,98.01163870378895,103,0.8349514563106796,7.806311612631989e-05,S1,1,25_03_2026,2026-03-25 06:59:05,1970-01-01 06:59:05,6.9847222222222225
25_03_2026_FASTING_S1_001_pos.mzML,pos_mz_98.0138_02799,98.01380000000002,pos,0.004083669507076721,1827748.7983398438,94,98.0137928833146,103,0.912621359223301,4.344329262847575e-05,S1,1,25_03_2026,2026-03-25 06:59:05,1970-01-01 06:59:05,6.9847222222222225
25_03_2026_FASTING_S1_001_pos.mzML,pos_mz_98.0191_02800,98.0191,pos,0.1356485127338663,59058075.5,103,98.01914908365843,103,1.0,0.0013169758517851096,S1,1,25_03_2026,2026-03-25 06:59:05,1970-01-01 06:59:05,6.9847222222222225
25_03_2026_FASTING_S1_001_pos.mzML,pos_mz_98.0278_02806,98.0278,pos,0.008126968033656016,3553330.9106445312,103,98.02768333047452,103,1.0,7.8902602268505e-05,S1,1,25_03_2026,2026-03-25 06:59:05,1970-01-01 06:59:05,6.9847222222222225
25_03_2026_FASTING_S1_001_pos.mzML,pos_mz_98.0599_02812,98.0599,pos,0.030066145726666278,12870661.70703125,103,98.05991467520717,103,1.0,0.0002919043274433619,S1,1,25_03_2026,2026-03-25 06:59:05,1970-01-01 06:59:05,6.9847222222222225
25_03_2026_FASTING_S1_001_pos.mzML,pos_mz_98.0901_02815,98.09009999999999,pos,0.010275697830007018,4413753.9072265625,103,98.09015922807697,103,1.0,9.976405660200989e-05,S1,1,25_03_2026,2026-03-25 06:59:05,1970-01-01 06:59:05,6.9847222222222225
25_03_2026_FASTING_S1_001_pos.mzML,pos_mz_98.9501_02835,98.95005,pos,0.011928409655288356,5353054.2197265625,103,98.95003448930552,103,1.0,0.00011580980247852772,S1,1,25_03_2026,2026-03-25 06:59:05,1970-01-01 06:59:05,6.9847222222222225
25_03_2026_FASTING_S1_001_pos.mzML,pos_mz_98.9753_02841,98.97525,pos,0.014387502369244019,6239341.4453125,103,98.975212151701,103,1.0,0.00013968448902178658,S1,1,25_03_2026,2026-03-25 06:59:05,1970-01-01 06:59:05,6.9847222222222225
25_03_2026_FASTING_S1_001_pos.mzML,pos_mz_98.9802_02842,98.98022499999999,pos,0.0035936108407751697,1553738.154296875,83,98.9802607684355,103,0.8058252427184466,4.329651615391771e-05,S1,1,25_03_2026,2026-03-25 06:59:05,1970-01-01 06:59:05,6.9847222222222225
25_03_2026_FASTING_S1_001_pos.mzML,pos_mz_98.9841_02845,98.9841,pos,0.011575803332370769,5111483.466796875,102,98.98405701124955,103,0.9902912621359223,0.0001134882679644193,S1,1,25_03_2026,2026-03-25 06:59:05,1970-01-01 06:59:05,6.9847222222222225
25_03_2026_FASTING_S1_001_pos.mzML,pos_mz_99.0032_02850,99.00315,pos,1.2123968114789767,536032255.75,103,99.00315983302416,103,1.0,0.011770842829892977,S1,1,25_03_2026,2026-03-25 06:59:05,1970-01-01 06:59:05,6.9847222222222225
25_03_2026_FASTING_S1_001_pos.mzML,pos_mz_99.0117_02854,99.0117,pos,0.05541757141345512,24709380.4765625,103,99.01166453767794,103,1.0,0.0005380346739170401,S1,1,25_03_2026,2026-03-25 06:59:05,1970-01-01 06:59:05,6.9847222222222225
25_03_2026_FASTING_S1_001_pos.mzML,pos_mz_99.0439_02867,99.0439,pos,0.18921184295302249,82000756.34375,103,99.04393098556328,103,1.0,0.001837008184009927,S1,1,25_03_2026,2026-03-25 06:59:05,1970-01-01 06:59:05,6.9847222222222225
25_03_2026_FASTING_S1_001_pos.mzML,pos_mz_99.0803_02876,99.08030000000001,pos,0.07300301878915406,31962511.8125,103,99.08030797837452,103,1.0,0.0007087671727102336,S1,1,25_03_2026,2026-03-25 06:59:05,1970-01-01 06:59:05,6.9847222222222225
25_03_2026_FASTING_S1_001_pos.mzML,pos_mz_99.9642_02894,99.96419999999999,pos,0.021709669005160963,9469178.169921875,103,99.96419925132584,103,1.0,0.00021077348548699965,S1,1,25_03_2026,2026-03-25 06:59:05,1970-01-01 06:59:05,6.9847222222222225
